ENTITY_ID;NAME;TYPE;SITE;CANTON;MAX_WATER_VOLUME_M3_S;MAX_POWER_MW;START_OF_OPERATION_FIRST;START_OF_OPERATION_LAST;LATITUDE;LONGITUDE;STATUS;WATERBODIES;IMAGE_URL
100100;Val Giuf;L;Rueras;GR;0.43;1.42;1979;1979;46.67133138;8.75072906;im Normalbetrieb;Aua da Milez, Aua da Val Giuf;
100150;Val Strem;L;Sedrun;GR;1.0;2.0;1945;2009;46.67477489;8.76414486;stillgelegt;Strem;
100200;Sedrun 1;S;Sedrun;GR;30.0;147.0;1968;2011;46.67004463;8.76860311;im Normalbetrieb;Froda, Rein da Curnera, Rein da Nalps, Rein da Tuma, Stausee Curnera, Stausee Nalps;
100250;Sedrun 2;L;Sedrun;GR;3.0;0.7;1968;1968;46.67004463;8.76860311;im Normalbetrieb;Vorderrhein;
100300;Tavanasa (KVR);S;Tavanasa;GR;46.0;176.4;1962;1962;46.75103278;9.04692337;im Normalbetrieb;Rein da Medel, Rein da Nalps, Rein da Sumvitg, Vorderrhein;
100400;Russein;L;Somvix;GR;7.0;24.2;1947;2015;46.72027726;8.89856786;im Normalbetrieb;Russeinbach;
100500;Ferrera;L;Trun;GR;0.6;4.23;1999;1999;46.74350075;8.9864931;im Normalbetrieb;Ferrerabach;
100550;Trun;L;Trun;GR;0.28;0.6;1943;2005;46.74350075;8.9864931;im Normalbetrieb;Ferrerabach;
100575;Dardin (Casut);L;Dardin, Casut;GR;0.13;0.42;2008;2008;46.75737761;9.04999283;im Normalbetrieb;Quelle Plaun las Steilas, Quelle Tschegn dadens, Quellen Cuolms da Runs;
100625;Kraftwerk Tschar;L;Obersaxen, St. Joseph;GR;1.2;4.26;2017;-1;46.74824969;9.07184124;im Bau;Tscharbach;
100800;Ladral;L;Waltensburg;GR;0.9;5.6;1973;1973;46.77141199;9.11876936;im Normalbetrieb;Ual de Ladral;
100900;Ilanz 1 (Stufe Tavanasa);L;Ilanz;GR;50.0;33.8;1990;1990;46.77476031;9.19522501;im Normalbetrieb;Vorderrhein;
101000;Ilanz 2 (Stufe Panix (Pigniu));S;Ilanz;GR;8.0;48.5;1992;1992;46.77476031;9.19522501;im Normalbetrieb;Ranasca Nord und Süd, Speicher Panix (Pigniu), Ual da Schmuer, Ual da Siat;
101100;Seekraftwerk Zervreila;S;Vals, Staumauer Zervreila;GR;20.0;20.0;1958;1999;46.57894569;9.11931451;im Normalbetrieb;Ampervreila, Fruntbach, Guraletsch, Peilerbach, Stausee Zervreila, Valser Rhein;
101200;Safien Platz;S;Safien Platz;GR;23.0;88.0;1957;1997;46.67782116;9.31587271;im Normalbetrieb;Ampervreila, Peilerbach, Rabiusa, Valatschbach;
101300;Rothenbrunnen;S;Rothenbrunnen;GR;21.9;127.0;1958;2011;46.76589342;9.4182005;im Normalbetrieb;Carnusa, Rabiusa;
101400;Rabiusa-Realta;L;Rothenbrunnen;GR;6.0;26.0;1949;2004;46.76490877;9.41790242;im Normalbetrieb;Rabiusa;
101450;Lunschania;L;St. Martin, Lunschania;GR;0.4;0.94;1996;1996;46.66014671;9.18822941;im Normalbetrieb;Ronggtobelbach;
101500;Bargaus;L;Sagogn;GR;0.96;2.75;1963;1963;46.79314248;9.27364462;im Normalbetrieb;Bulignabach, Laaxerbach;
101550;Punt Gronda (Segnas);L;Flims;GR;0.4;3.3;2012;2012;46.83844864;9.26509303;im Normalbetrieb;Flembach;
101560;Punt Gronda (Platt Alva);L;Flims;GR;0.3;0.8;2012;-1;46.83844864;9.26509303;im Normalbetrieb;Platt Alva Bach;
101570;Punt Gronda (Tarschlims);L;Flims;GR;0.14;0.38;2013;-1;46.83844864;9.26509303;im Normalbetrieb;Quellen Tarschlims;
101600;Stenna (Flims) Flembach;L;Flims;GR;0.85;1.66;1904;1999;46.83375389;9.2828959;im Normalbetrieb;Flembach;
101700;Mulin;L;Trin Mulin;GR;1.4;1.5;1907;2004;46.83344521;9.34018109;im Normalbetrieb;Quelle bei Mulin, Val Turnigla;
101800;Pintrun;L;Trin;GR;5.0;6.2;1944;1944;46.814855;9.34883028;im Normalbetrieb;Flembach;
101900;Ferrera 1;U;Ausserferrera;GR;45.0;180.0;1962;2017;46.53291523;9.43419095;im Normalbetrieb;Am Bach, Averserrhein, Blesbach, Juppabach, Lago di Lei, Madriserrhein;
102000;Ferrera 2;L;Ausserferrera;GR;8.0;4.4;1963;2017;46.53291523;9.43419095;im Normalbetrieb;Averserrhein, Ferrera (Ausgleichsbecken);
102050;Nufenen;L;Nufenen;GR;0.12;0.3;2009;-1;46.54305046;9.24795022;im Normalbetrieb;Dorfbach, Hoflibach, Prascherbach, Seewelibach;
102070;Splügen (Tambobach);L;Splügen;GR;0.53;1.8;2012;-1;46.54591973;9.30973148;im Normalbetrieb;Tambobach;
102080;Stauanlage Sufers Dotieranlage;L;Sufers;GR;1.7;0.71;1990;2010;46.56751384;9.37962637;im Normalbetrieb;Hinterrhein, Sufnersee;
102100;Bärenburg;S;Andeer;GR;80.0;220.0;1962;2017;46.59018885;9.42142525;im Normalbetrieb;Averserrhein, Fundognbach, Hinterrhein, Stausee Sufers, Surettabach, Valtschielbach;
102200;Bärenburg Dotieranlage;L;Andeer;GR;3.8;1.6;1968;2017;46.59018885;9.42142525;im Normalbetrieb;Averserrhein, Fundognbach, Hinterrhein, Stausee Sufers, Surettabach, Valtschielbach;
102300;Sils;S;Sils, Nisellas;GR;73.0;247.0;1961;1961;46.7031335;9.46664786;im Normalbetrieb;Hinterrhein, Pigniabach, Reischenbach;
102400;Thusis;L;Thusis;GR;6.0;4.6;1968;2017;46.690146;9.44288282;im Normalbetrieb;Hinterrhein;
102500;Preda-Bergün;L;Preda bei Bergün;GR;0.85;0.6;1903;1976;46.58745638;9.7784464;im Normalbetrieb;Albula;
102600;Frauenkirch;L;Davos, Frauenkirch;GR;0.8;0.7;1894;1963;46.76886732;9.80558068;im Normalbetrieb;Sertigbach;
102700;Glaris;L;Davos, Glaris;GR;2.1;0.96;1899;1964;46.73609159;9.7758676;im Normalbetrieb;Landwasser;
102800;Filisur;L;Filisur;GR;16.0;64.0;1967;2002;46.66989023;9.68920061;im Normalbetrieb;Albula, Ava da Stugl, Ava da Tisch, Ava da Tuors, Landwasser, Monsteinerbach;
102900;Filisur-Tiefencastel;L;Tiefencastel;GR;18.0;23.0;1989;1989;46.66084448;9.57955322;im Normalbetrieb;Albula, Landwasser;
103000;Stalvedro (Julia);L;Bivio;GR;1.5;0.6;1936;1980;46.479609;9.64520852;im Normalbetrieb;Julia;
103050;Mulegn, Tinizong-Rona;L;Tinizong-Rona;GR;1.8;7.0;2016;-1;46.57697701;9.62203806;im Normalbetrieb;Ragn d'Err;
103100;Tinizong;S;Tinizong;GR;16.7;62.7;1954;1971;46.58250455;9.61064545;im Normalbetrieb;Ava da Faller, Ava da Nandrò, Flixerbäche, Julia, Stausee Marmorera;
103150;Nandrò;L;Riom - Parsonz;GR;2.4;1.59;2011;-1;46.56815003;9.57027256;im Normalbetrieb;Ava da Nandrò;
103200;Tiefencastel Ost;S;Tiefencastel;GR;16.7;50.0;1970;1970;46.66439948;9.56270171;im Normalbetrieb;Ava da Nandrò, Julia, Stausee Marmorera;
103300;Tiefencastel West;L;Tiefencastel;GR;10.0;25.0;1949;1949;46.66439948;9.56270171;im Normalbetrieb;Julia;
103400;Solis;L;Vaz/Obervaz;GR;1.45;7.0;1920;1978;46.68191978;9.52521151;im Normalbetrieb;Heidbach;
103500;Sils (EWZ);L;Sils im Domleschg;GR;22.0;25.0;1910;1996;46.70407921;9.46406735;im Normalbetrieb;Albula, Heidbach;
103600;Rothenbrunnen (EWZ);S;Rothenbrunnen;GR;25.0;38.0;1976;1976;46.77394359;9.42098474;im Normalbetrieb;Albula, Heidbach;
103700;Reichenau;L;Domat-Ems;GR;120.0;18.0;1962;1962;46.8377314;9.44733092;im Normalbetrieb;Rhein;https://upload.wikimedia.org/wikipedia/commons/thumb/e/eb/Kraftwerk_Reichenau_1.jpg/300px-Kraftwerk_Reichenau_1.jpg
103800;Arosa-Litzirüti;L;Litzirüti;GR;3.0;4.96;1969;1969;46.80004784;9.70591193;im Normalbetrieb;Plessur;
103850;KW Sagenbach;L;Lüen, Tewald;GR;0.7;3.55;2013;-1;46.82844105;9.60615005;im Normalbetrieb;Sagenbach;
103900;Molinis-Lüen;L;Lüen, Tewald;GR;3.9;7.0;1914;1990;46.82844105;9.60615005;im Normalbetrieb;Clasaurerbach, Plessur;
104000;Plessurwerk;L;Chur, Sand;GR;6.76;9.2;1947;2011;46.84042868;9.54250553;im Normalbetrieb;Calfreiserbach, Castielerbach, Plessur;
104100;Rabiusawerk;L;Chur, Sand;GR;0.9;0.69;1892;2012;46.84042868;9.54250553;im Normalbetrieb;Rabiusa;
104150;Churwalden;L;Churwalden, Bärgliwäg;GR;0.2;0.39;2018;-1;46.77558131;9.54560498;im Bau;Quellen Parpan, Quellen Valbella;
104200;Klosters;S;Klosters;GR;5.5;16.5;1925;1982;46.86101369;9.89557576;im Normalbetrieb;Davoser See, Drusatschabach, Flüelabach, Mönchalpbach, Stützbach, Totalpbach;
104300;Schlappin;L;Klosters-Dorf;GR;1.67;6.1;1928;2000;46.88504725;9.87856002;im Normalbetrieb;Lauterbrunnenbach, Schlappinbach;
104400;Küblis;L;Küblis;GR;16.5;44.0;1922;2006;46.91397332;9.78203128;im Normalbetrieb;Landquart, Schanielabach;
104450;Taschinas;L;Seewis;GR;3.5;11.1;2011;2011;46.98284029;9.64486527;im Normalbetrieb;Taschinasbach;
104500;Igiser Mülbach 1 (Landquart 1);L;Landquart-Fabriken;GR;8.0;0.5;1901;1978;46.9593265;9.5798912;im Normalbetrieb;Landquart (Fabrikkanal);
104550;Igiser Mülbach 2 (Landquart 2);L;Landquart-Fabriken;GR;8.0;0.66;1988;1988;46.95480061;9.56683157;im Normalbetrieb;Landquart (Fabrikkanal);
104600;Mapragg;U;Vadura;SG;75.0;274.3;1977;1977;46.94843906;9.48129965;im Normalbetrieb;Gafarrabach, Lavtinabach, Mattbach, Scheubsbach, Seez, Siezbach;
104700;Sarelli;S;Bad Ragaz;SG;30.0;88.2;1978;1978;46.97709666;9.5386601;im Normalbetrieb;Stausee Gigerwald, Tamina;
104800;Ragaz;L;Ragaz;SG;4.6;0.52;1892;1956;47.00009343;9.50115406;im Normalbetrieb;Tamina;
104850;Jenins;L;Jenins;GR;0.06;0.46;1997;1997;46.9931768;9.55480797;im Normalbetrieb;Alpbach, Quelle Mittelsäss, Quelle Obersäss;
104900;Valeis;L;Vilters;SG;0.44;1.1;1982;2004;47.02326075;9.44809602;im Normalbetrieb;Saar, Valeis;
105000;Grossbach;L;Wangs, Gaschiels;SG;0.13;0.68;1950;1993;47.02580361;9.44161191;im Normalbetrieb;Grossbach;
105100;Sevelen;L;Sevelen;SG;0.35;1.12;1897;1989;47.1209029;9.48300332;im Normalbetrieb;Fuchserbächli, Schaneralpbach, Sevelerbach, Surbergbächli;
105150;Buchs-Vorderberg;L;Buchs, Waldrand;SG;0.3;1.0;1987;1987;47.14900154;9.4458282;im Normalbetrieb;Quellfassungen Malschüel;
105200;Buchs-Tobeläckerli;L;Buchs, Steig - Aspenhölzli;SG;0.35;0.68;1903;2013;47.15623113;9.46456678;im Normalbetrieb;Quellfassungen Malschüel, Quellfassungen Tobelbrugg;
105300;Buchs-Altendorf;L;Buchs, Altendorf;SG;0.7;3.7;1928;1987;47.15699625;9.46710209;im Normalbetrieb;Tobelbach;
105400;Grabs (Bannwald);L;Grabs, Bannwald;SG;0.51;0.5;1959;1994;47.17262701;9.41689435;im Normalbetrieb;Walchenbach;
105500;Grabs (Löchli);L;Grabs, Löchli;SG;0.55;0.96;1899;1996;47.17572652;9.43020463;im Normalbetrieb;Gogenbach, Rogghalm-Töbeli, Walchenbach;
105600;Sennwald;L;Sennwald;SG;0.6;0.91;1912;1990;47.26157656;9.4960554;im Normalbetrieb;Mühlbachquellen, Rohrbach, Schindlerenbach, Stollenfassung, Abflüsse Fälen-, Sämtisersee;
105700;Lienz;L;Lienz;SG;13.0;0.4;1906;1989;47.27517542;9.5254005;im Normalbetrieb;Rheintaler Binnenkanal, Werdenberger Binnenkanal;
105800;Blatten (SAK);L;Oberriet, Blatten;SG;14.0;0.4;1906;1989;47.30770159;9.5672854;im Normalbetrieb;Rheintaler Binnenkanal, Werdenberger Binnenkanal;
105900;Montlingen;L;Montlingen;SG;14.5;0.4;1906;1989;47.33924212;9.57926642;im Normalbetrieb;Rheintaler Binnenkanal, Werdenberger Binnenkanal;
106000;Gstaldenbach, Heiden;L;Heiden, Hinterlochen;AR;0.45;0.6;1902;1982;47.46218638;9.54786056;im Normalbetrieb;Gstaldenbach;
106100;Lochmühle;L;Untereggen, Lochmüli;SG;0.6;0.63;1898;2003;47.46032736;9.43979659;im Normalbetrieb;Goldach;
106125;Morgental (Abwasser);L;Steinach;SG;0.84;1.2;2014;-1;47.50056872;9.42790189;im Normalbetrieb;Abwasser Stadt St. Gallen;
106200;Schaffhausen;L;Schaffhausen;SH;500.0;25.4;1964;1964;47.6931228;8.63042043;im Normalbetrieb;Rhein;https://upload.wikimedia.org/wikipedia/commons/thumb/5/58/Kaplan_Wasserkraftturbine.jpg/1280px-Kaplan_Wasserkraftturbine.jpg
106300;Engeweiher;P;Schaffhausen;SH;4.0;5.0;1909;1993;47.69348249;8.63042851;im Normalbetrieb;Engeweiher, Rhein;
106400;Neuhausen;L;Neuhausen;SH;29.9;4.9;1951;2011;47.67987896;8.61494002;im Normalbetrieb;Rhein;
106500;Rheinau;L;Rheinau;ZH;400.0;36.0;1956;2005;47.63890836;8.60165565;im Normalbetrieb;Rhein;
106600;Giessen;L;Nesslau, unterer Giessenfall;SG;9.25;2.5;1896;2001;47.21784388;9.20939197;im Normalbetrieb;Thur;
106625;Nesslau (Ijentalerbach);L;Nesslau, Schneit;SG;0.76;1.25;1909;2010;47.22163588;9.18495441;im Normalbetrieb;Ijentalerbach;
106650;Herrentöbeli;L;Krummenau;SG;11.0;1.0;1945;1991;47.2447744;9.17791584;im Normalbetrieb;Thur;
106700;Trempel;L;Trempel, Ebnat-Kappel;SG;8.0;1.8;1925;2007;47.24948701;9.16366731;im Normalbetrieb;Thur;
106750;Im Roos;L;Ebnat - Kappel;SG;12.0;0.86;1903;2004;47.25853882;9.12960077;im Normalbetrieb;Thur;
106800;Stadtbrücke, Lichtensteig;L;Lichtensteig;SG;16.0;0.55;1820;2013;47.32324043;9.08494658;im Normalbetrieb;Thur;
106900;Dietfurt;L;Bütschwil;SG;12.0;0.94;1861;2002;47.34444239;9.0807037;im Normalbetrieb;Thur;
107000;Soor;L;Bütschwil;SG;12.0;0.94;1917;2001;47.3564399;9.07842536;im Normalbetrieb;Thur;
107100;Mülau;L;Mülau bei Bazenheid Kirchberg;SG;31.0;1.3;1865;2010;47.41087161;9.07811297;im Normalbetrieb;Thur;
107200;Niederglatt-Gossau;L;Glattmüli;SG;4.8;0.31;1893;1967;47.43140007;9.17552695;im Normalbetrieb;Glatt;
107300;Bischofszell;L;Bischofszell;TG;16.0;0.67;1864;1935;47.4930287;9.23421719;im Normalbetrieb;Thur;
107400;Seealp - Wasserauen;S;Rässenaueli;AI;1.3;2.5;1905;2005;47.28070421;9.42116412;im Normalbetrieb;Seealpsee;
107425;Rossfall;L;Urnäsch;AR;0.62;0.33;1903;1991;47.28685916;9.27779303;im Normalbetrieb;Urnäsch;
107450;EW Zürchersmühle;L;Urnäsch;AR;2.3;0.36;1907;1987;47.3318001;9.29178228;im Normalbetrieb;Urnäsch;
107500;Kubel;L;St. Gallen;SG;18.0;16.8;1900;1976;47.40191008;9.32363887;im Normalbetrieb;Sitter, Urnäsch;
107600;Sittertal;L;St. Gallen, Sittertal;SG;6.0;0.43;1945;2007;47.41001119;9.32339544;im Normalbetrieb;Sitter;
107650;Burentobel;L;St. Gallen;SG;12.5;0.3;2008;2008;47.41916371;9.34134931;im Normalbetrieb;Sitter;
107700;Erlenholz;L;Wittenbach;SG;4.1;0.48;1895;2003;47.45722774;9.36804675;im Normalbetrieb;Sitter;
107740;Thurfeld;L;Schönenberg;TG;50.0;1.7;2011;-1;47.51926549;9.20708225;im Normalbetrieb;Thur;
107750;Au-Schönenberg;L;Schönenberg an der Thur;TG;43.0;2.0;2002;2002;47.52398167;9.1867861;im Normalbetrieb;Thur;
107800;Bürglen (Kanal);L;Bürglen;TG;17.5;1.0;1872;1947;47.54965869;9.14803408;im Normalbetrieb;Thur;
107900;Bürglen (Säge);L;Bürglen;TG;17.5;0.45;1956;2008;47.5472581;9.15220865;im Normalbetrieb;Thur;
107950;Kleinwasserkraftwerk Bürglen;L;Bürglen;TG;17.5;0.97;2016;-1;47.54287644;9.16256312;im Normalbetrieb;Thur (Kanal);
108100;Weinfelden (Model);L;Weinfelden;TG;11.0;0.4;1878;1948;47.56085146;9.10214456;im Normalbetrieb;Thur;
108200;Weinfelden (Mühle);L;Weinfelden;TG;11.0;0.42;1948;1948;47.56071923;9.09881792;im Normalbetrieb;Thur;
108250;Widen;L;Weinfelden, untere Widen;TG;22.0;0.77;1989;1989;47.56471391;9.0772785;im Normalbetrieb;Thur;
108270;Murkart;L;Matzingen;TG;4.1;0.33;1960;2008;47.53748689;8.91437699;im Normalbetrieb;Murg;
108281;Schlossmühle, Frauenfeld;L;Frauenfeld, Schlossmühlestr.;TG;5.5;0.31;2012;-1;47.55388644;8.89795717;im Normalbetrieb;Murg;
108300;Kollbrunn;L;Kollbrunn, Gmde. Zell;ZH;5.8;0.32;1832;2010;47.45928136;8.76882823;im Normalbetrieb;Töss;
108400;Sennhof;L;Sennhof, Illnau-Effretikon;ZH;5.7;0.47;1860;2014;47.46617308;8.75613321;im Normalbetrieb;Töss;
108450;Pfungen;L;Neftenbach;ZH;10.0;0.36;1994;1994;47.52148725;8.64091568;im Normalbetrieb;Töss;
108460;Hard Wülflingen;L;Hard, Wülflingen in Winterthur;ZH;6.5;0.58;2015;-1;47.51790354;8.67376359;im Normalbetrieb;Töss;
108500;Freienstein;L;Freienstein;ZH;12.0;0.6;1832;2004;47.52869006;8.58702746;im Normalbetrieb;Töss;
108600;Trümpler;L;Oberuster;ZH;2.6;0.39;1816;2000;47.34563766;8.73992133;im Normalbetrieb;Aabach;
108700;Eglisau;L;Zweidlen;ZH;500.0;53.2;1920;2012;47.57491368;8.47331915;im Normalbetrieb;Rhein;https://upload.wikimedia.org/wikipedia/commons/thumb/9/9f/Kraftwerk_NOK_Eglisau-Rheinsfelden%2C_Zollstrasse_in_Glattfelden_2011-09-17_15-32-38.jpg/300px-Kraftwerk_NOK_Eglisau-Rheinsfelden%2C_Zollstrasse_in_Glattfelden_2011-09-17_15-32-38.jpg
108800;Reckingen;L;Reckingen;;560.0;38.5;1941;2004;47.57100444;8.3380795;im Normalbetrieb;Rhein;https://upload.wikimedia.org/wikipedia/commons/thumb/7/7d/Rekingen_Kraftwerk_1910.jpg/300px-Rekingen_Kraftwerk_1910.jpg
108900;Wunderklingen;L;Hallau;SH;5.5;0.41;1895;1968;47.69780359;8.40737398;im Normalbetrieb;Wutach;
108950;Albbruck-Dogern;L;Leibstadt;AG;300.0;28.4;2009;-1;47.59771866;8.17165717;im Normalbetrieb;Aare, Rhein;https://upload.wikimedia.org/wikipedia/commons/thumb/d/db/Albbruck-dogern-054205.JPG/300px-Albbruck-dogern-054205.JPG
109100;Laufenburg;L;Laufenburg;AG;1355.0;106.0;1914;1992;47.55588809;8.0488486;im Normalbetrieb;Rhein;https://upload.wikimedia.org/wikipedia/commons/thumb/e/eb/Wasserkraftwerk_Laufenburg4.jpg/1920px-Wasserkraftwerk_Laufenburg4.jpg
109200;Rheinkraftwerk Säckingen;L;Bad Säckingen;;1450.0;72.0;1966;1966;47.55786494;7.9567965;im Normalbetrieb;Rhein;https://upload.wikimedia.org/wikipedia/commons/thumb/0/05/Bad_Säckingen_Wasserkraftwerk.JPG/1920px-Bad_Säckingen_Wasserkraftwerk.JPG
109300;Ryburg-Schwörstadt;L;Schwörstadt;;1460.0;120.0;1931;1984;47.5863212;7.83344545;im Normalbetrieb;Rhein;
109310;Ryburg-Schwörstadt Lockstromz.;L;Schwörstaddt, KW Ryburg-Schw.;;4.6;0.35;2014;-1;47.58739861;7.8339852;im Normalbetrieb;Rhein (Umgehungsgewässer);
109400;Rheinfelden;L;Rheinfelden;AG;1500.0;100.0;1898;2010;47.56885119;7.8129836;im Normalbetrieb;Rhein;https://upload.wikimedia.org/wikipedia/commons/thumb/7/75/Turbinenhalle_Laufwasserkraftwerk_Rheinfelden.jpg/1280px-Turbinenhalle_Laufwasserkraftwerk_Rheinfelden.jpg
109450;Rheinfelden-Dotierzentrale;L;Rheinfelden;AG;30.0;1.8;2011;-1;47.56885119;7.8129836;im Normalbetrieb;Rhein;
109500;Augst;L;Augst;BL;750.0;31.0;1912;1994;47.5367609;7.70969809;im Normalbetrieb;Rhein;https://upload.wikimedia.org/wikipedia/commons/thumb/b/b7/Kraftwerk-Augst-Wyhlen.jpg/660px-Kraftwerk-Augst-Wyhlen.jpg
109600;Wyhlen;L;Grenzach-Wyhlen;;750.0;38.5;1912;1994;47.53874417;7.70771599;im Normalbetrieb;Rhein;
109700;Birsfelden;L;Birsfelden;BL;1500.0;97.5;1955;1999;47.55985994;7.62637607;im Normalbetrieb;Rhein;https://upload.wikimedia.org/wikipedia/commons/thumb/3/3d/Birsfelden-Kraftwerk.jpg/300px-Birsfelden-Kraftwerk.jpg
109800;Moutier;L;Gorges de Court;BE;0.93;0.9;1895;1979;47.26568815;7.34905033;im Normalbetrieb;La Birse;
109850;Choindez;L;Choindez;JU;3.9;0.72;1914;2003;47.32228263;7.3784525;im Normalbetrieb;La Birse;
109860;Blanches-Fontaines Undervelier;L;Undervelier, Blanches-Fontaine;JU;1.5;0.32;1897;2001;47.29484039;7.22129003;im Normalbetrieb;La Sorne;
109900;Bassecourt;L;Chez Theurillat, Haute-Sorne;JU;3.0;0.89;1920;2001;47.33101786;7.23199101;im Normalbetrieb;La Sorne;
109915;Bellerive;L;Soyhières;JU;9.8;0.46;1905;2002;47.38280292;7.35918268;im Normalbetrieb;Birs;
109925;Juramill;L;Laufen;BL;15.0;0.32;1997;1997;47.41051884;7.4946818;im Normalbetrieb;Birs;
109950;Laufen (Wasserfall);L;Laufen;BL;20.0;0.72;1949;1995;47.41968956;7.50118472;im Normalbetrieb;Birs;
110000;Zwingen, Obermatt;L;Zwingen;BL;9.6;0.34;1913;2005;47.43649399;7.52400438;im Normalbetrieb;Birs;
110100;Nenzlingen;L;Nenzlingen;BL;11.0;0.32;1942;1997;47.44384907;7.54787986;im Normalbetrieb;Birs;
110200;Moos;L;Grellingen;BL;12.0;0.98;1945;1999;47.43877619;7.5811429;im Normalbetrieb;Birs;
110300;Büttenen 2;L;Grellingen;BL;6.5;0.45;1864;2000;47.44280768;7.59348303;im Normalbetrieb;Birs;
110400;Büttenen 1;L;Grellingen;BL;6.5;0.5;1861;1999;47.44280768;7.59348303;im Normalbetrieb;Birs;
110450;Dornachbrugg;L;Dornach;SO;20.0;1.54;1996;1996;47.48901753;7.6074171;im Normalbetrieb;Birs;
110475;Neuewelt;L;Münchenstein;BL;17.5;1.05;1998;1998;47.52578086;7.62174126;im Normalbetrieb;Birs;
110490;Am. de dotation du Kembs 1;L;Barrage de Kembs;;27.0;3.15;1966;1966;47.61947495;7.57032158;im Normalbetrieb;Rhin;
110495;Am. de dotation du Kembs 2;L;Barrage de Kembs;;90.0;11.15;2016;-1;47.61965691;7.56845982;im Normalbetrieb;Rhin;
110500;Kembs;L;Kembs, Loechle;;1400.0;157.5;1932;1983;47.65495572;7.51943098;im Normalbetrieb;Rhin;
200100;Grimsel 2;P;Grimsel, Chessituren;BE;100.0;382.0;1981;1981;46.56806638;8.31932594;im Normalbetrieb;Grimselsee, Oberaarsee;
200200;Grimsel 1-Oberaarsee;S;Grimsel, Sommerloch u.Hospiz;BE;8.0;34.0;1954;2006;46.57533239;8.33353353;im Normalbetrieb;Oberaar, Oberaarsee, Truebenbach, Truebtensee;
200300;Grimsel 1-Grimselsee;S;Grimsel, Sommerloch, u.Hospiz;BE;20.2;26.5;1974;2007;46.57533239;8.33353353;im Normalbetrieb;Aare, Grimselsee;
200400;Handeck 1;S;Handegg;BE;10.5;48.0;1932;1932;46.61682566;8.3075867;im Normalbetrieb;Aare, Bächlisbach, Gelmerbach, Gelmersee, Grimselsee, Grubenbach, obere Fassung;
200500;Handeck 2;S;Handegg;BE;57.3;215.0;1950;1958;46.61469667;8.30363594;im Normalbetrieb;Aare, Aerlenbach, Grubenbach, untere Fassung, Mattenalp (Staubecken), Räterichsbodensee, Ürbachwasser;
200700;Handeck 3 - Diagonalpumpe;U;Handegg;BE;0.0;0.0;1976;1976;46.61569009;8.30312962;stillgelegt;Aare, Gelmerbach, Gelmersee, Grimselsee, Räterichsbodensee;
200740;Kraftwerk Hostetbach AG;L;Guttannen, Blatti;BE;0.4;1.25;2016;-1;46.66552401;8.29177442;im Normalbetrieb;Hostettbach;
200750;Innertkirchen 3;L;Innertkirchen, Underürbach;BE;2.5;3.28;2016;-1;46.69672742;8.23120771;im Normalbetrieb;Ürbachwasser;
200800;Innertkirchen 1;S;Innertkirchen;BE;69.0;370.0;1943;2007;46.70108204;8.23885567;im Normalbetrieb;Aare, Benzlauibach, Gelmersee, Grimselsee, Hostettbach, Räterichsbodensee;
200900;Gental;S;Underi-Furen, Innertkirchen;BE;3.0;9.5;1961;1961;46.72718562;8.3336972;im Normalbetrieb;Engstlenbach, Engstlensee, Gentalwasser, Henglibach, Moosbach, Wunderbrunnen;
201000;Gental;S;Underi-Furen, Innertkirchen;BE;0.0;0.0;1961;1961;46.72718562;8.3336972;im Normalbetrieb;Gadmerwasser;
201200;Hopflauenen-Leimboden;L;Hopflauenen;BE;2.2;5.8;1967;1967;46.71510795;8.27751692;im Normalbetrieb;Gentalwasser;
201300;Innertkirchen 2;S;Innertkirchen;BE;29.5;54.2;1967;1974;46.70854804;8.22601941;im Normalbetrieb;Gadmerwasser, Gentalwasser, Räterichsbodensee;
201400;Meiringen 2;L;Meiringen, Haselholz;BE;0.36;1.5;1950;1950;46.7317764;8.19665928;im Normalbetrieb;Alpbach, Bidmi-Quellen;
201500;Meiringen 1;L;Meiringen;BE;0.6;0.93;1889;1946;46.72874839;8.19203785;im Normalbetrieb;Alpbach, Dorfbach/Goldernbach, Milibach;
201600;Schattenhalb 2;L;Schattenhalb;BE;1.0;1.6;1927;1927;46.71512998;8.18360783;stillgelegt;Reichenbach;
201700;Schattenhalb 1+;L;Schattenhalb;BE;1.3;2.72;2017;-1;46.71925832;8.18510364;im Bau;Rychenbach;
201750;Schattenhalb 3;L;Schattenhalb;BE;2.8;9.7;2010;-1;46.71944164;8.18458296;im Normalbetrieb;Reichenbach;
201800;Giessbach;L;Brienz;BE;0.3;0.9;1949;2005;46.73443775;8.01888782;im Normalbetrieb;Giessbach;
201900;Grindelwald;S;Grindelwald;BE;0.4;1.4;1960;1960;46.62641456;8.05024175;im Normalbetrieb;Bachsee, Mühlebach;
202000;Burglauenen-Lütschental;L;Lütschental;BE;8.5;11.9;1908;2011;46.63732337;7.95450367;im Normalbetrieb;Schwarze Lütschine;
202100;Stechelberg;L;Lauterbrunnen, Stechelberg;BE;2.0;4.3;1905;1979;46.54472154;7.89990599;im Normalbetrieb;Sefinen-Lütschine;
202125;Saxettal-Geissbrunnen;L;Saxeten;BE;0.23;0.43;1999;1999;46.62837364;7.82997675;im Normalbetrieb;Quelle Nessleren, Quelle Rosslegi;
202150;Saxettal-Kammri;L;Wilderswil;BE;0.25;0.74;1998;1998;46.6576165;7.85344404;im Normalbetrieb;Quelle Geissbrunnen, Quelle Gibelbach, Quelle Innerfeld, Quelle Nessleren, Quelle Rosslegi, Quelle Staldengräbli;
202200;Interlaken;L;Interlaken, Kanal;BE;30.0;0.8;1894;1932;46.68263649;7.85010705;im Normalbetrieb;Aare;
202275;Interlaken;L;Unterseen;BE;15.0;0.3;1996;1996;46.68201856;7.84683464;im Normalbetrieb;Aare;
202290;Kandersteg (Eggeschwand);L;Kandersteg, Eggeschwand;BE;0.8;2.1;2009;-1;46.4750952;7.66012033;im Normalbetrieb;Alpbach;
202300;Kandersteg (Zilfuri);L;Kandersteg, Zilfuri;BE;0.6;1.1;1903;1958;46.49562954;7.69159625;im Normalbetrieb;Chalberspiessenquellen, Holzspicherquellen, Öschibach, Weissbachquellen;
202350;Kandersteg (Dorf);L;Kandersteg, Dorf;BE;1.2;1.0;1996;2012;46.49593475;7.67518516;im Normalbetrieb;Chalberspiessenquellen, Holzspicherquellen, Öschibach, Weissbachquellen;
202400;Kandergrund;L;Inner-Kandergrund;BE;7.3;18.8;1911;1991;46.54274368;7.65948441;im Normalbetrieb;Kander;
202425;Engstligenalp;L;Adelboden, Engstligenalp;BE;1.35;0.6;1937;2011;46.44915706;7.56175459;im Normalbetrieb;Engstlige;
202430;WKA Spiggenbach Reichenbach;L;Reichenbach, Losplatte;BE;1.55;2.75;2017;-1;46.57684639;7.73463401;im Bau;Spiggenbach;
202450;Moosweid;L;Adelboden, Moosweid;BE;0.15;0.36;1903;2014;46.49609689;7.57684089;im Normalbetrieb;Ahorniquellen, Louenenbach;
202475;Engstlige;L;Adelboden;BE;1.5;0.5;1996;1996;46.50688433;7.58273119;im Normalbetrieb;Engstlige;
202520;Färmelbach, St. Stephan;L;St. Stephan, Matten;BE;0.9;1.75;2016;-1;46.49447016;7.41962014;im Normalbetrieb;Albristbach, Färmelbach;
202530;KW Simelemoos;L;St. Stephan;BE;9.5;0.35;2016;-1;46.50472131;7.403462;im Normalbetrieb;Simme;
202550;Laubegg (Garstatt);L;Boltigen, Garstatt;BE;12.0;2.6;2016;-1;46.58810144;7.3812263;im Normalbetrieb;Simme;
202560;Berner Green Power GmbH;L;Weissenburg;BE;0.9;0.36;1898;1999;46.66691411;7.46411781;im Normalbetrieb;Buuschebach;
202600;Klusi;S;Erlenbach;BE;0.18;1.3;1946;1996;46.66389573;7.54826301;im Normalbetrieb;Hinterstockensee, Oberstockensee;
202700;Erlenbach;L;Erlenbach;BE;6.4;18.0;1959;2005;46.65687935;7.54811813;im Normalbetrieb;Ägelsee, Filderich, Kirel;
202800;Simmenfluh;L;Simmenfluh (Wimmis);BE;22.0;9.0;1962;2000;46.6727955;7.62264035;im Normalbetrieb;Simme;
202900;AAREwerk 62 Thun;L;Thun;BE;125.0;6.2;1962;1962;46.76168567;7.61338795;im Normalbetrieb;Aare;
203000;AAREwerk 94 Thun;L;Thun;BE;49.65;2.8;1917;1994;46.76167485;7.6203256;im Normalbetrieb;Aare;
203100;Thun (Eidg.);L;Thun, Kanal (Uttigenstr.);BE;6.0;0.35;1901;1937;46.76159371;7.61469665;im Normalbetrieb;Aare, Gewerbekanal;
203200;Blumenstein;L;Blumenstein;BE;0.1;0.64;1918;1990;46.72770212;7.51333367;im Normalbetrieb;Quellgebiet Blattenheid;
203300;Matte;L;Bern, Matte;BE;40.0;1.16;1891;1986;46.94649212;7.45676344;im Normalbetrieb;Aare;
203350;Felsenau;L;Engehalde;BE;16.0;0.42;1998;1998;46.96583306;7.44468147;im Normalbetrieb;Aare;
203400;Felsenau;L;Felsenau;BE;100.0;11.5;1909;1989;46.96844182;7.43942564;im Normalbetrieb;Aare;https://upload.wikimedia.org/wikipedia/commons/thumb/d/d6/Kraftwerk_Bern-Felsenau.jpg/300px-Kraftwerk_Bern-Felsenau.jpg
203500;Mühleberg;L;Buttenried;BE;291.0;40.0;1920;1965;46.96914778;7.28449931;im Normalbetrieb;Aare, Wohlensee;https://upload.wikimedia.org/wikipedia/commons/thumb/a/ad/Wohlensee_Hinterkappelen.jpg/300px-Wohlensee_Hinterkappelen.jpg
203600;Sanetsch;S;Innergsteig;BE;2.5;18.0;1966;1966;46.37642539;7.27799307;im Normalbetrieb;Saane, Speicher Sanetsch;
203650;Lauenen (Louibach);L;Lauenen bei Gstaad;BE;3.5;0.9;2014;-1;46.42415219;7.31830836;im Normalbetrieb;Louibach;
203700;Gsteig;L;Gsteig b.Gstaad;BE;2.0;0.72;1948;2015;46.38522744;7.26860759;im Normalbetrieb;Reuschbach;
203750;Gérignoz - La Pontia;L;Château d'Oex, Gérignoz;VD;0.19;0.45;1996;1996;46.47327288;7.16521029;im Normalbetrieb;Sources privées;
203800;Montbovon;L;Montbovon;FR;40.0;28.5;1896;1972;46.48795425;7.04831145;im Normalbetrieb;La Sarine, Lac du Vernex;
203900;Lessoc;L;Lessoc;FR;41.0;8.0;1973;1973;46.50605254;7.05326214;im Normalbetrieb;La Sarine;
203950;Sainte - Anne;L;Grandvillard;FR;1.12;2.9;1999;1999;46.53513111;7.08798988;im Normalbetrieb;Ruisseau des Marais, Torrent de Plan Rion;
204000;Jaun;L;Jaun;FR;2.4;0.36;1982;1982;46.60849999;7.26934154;im Normalbetrieb;Jaunbach;
204050;Charmey (La Tzintre);L;Charmey, La Tzintre;FR;10.0;0.86;2012;-1;46.61183337;7.17691083;im Normalbetrieb;La Jogne;
204100;Charmey (La Perré);L;Charmey, Le Perré;FR;12.0;4.5;1893;1982;46.61458618;7.1617544;im Normalbetrieb;La Jogne;
204200;Broc;L;Broc;FR;26.0;23.5;1921;1988;46.60985882;7.10930441;im Normalbetrieb;La Jogne, Montsalvens (B.d'accumulation);
204300;Am.de dotation d'Hauterive 1;L;Rossens;FR;1.0;0.67;1976;1976;46.71790507;7.11243819;im Normalbetrieb;La Sarine, Lac de la Gruyère;
204350;Am. de dotation d'Hauterive 2;L;Rossens;FR;2.5;1.6;2005;2005;46.71790507;7.11243819;im Normalbetrieb;La Sarine, Lac de la Gruyère;
204400;Hauterive;S;Hauterive;FR;75.0;57.5;1902;1948;46.76895201;7.12757772;im Normalbetrieb;La Sarine, Lac de la Gruyère;
204500;Am.de dotation d'Oelberg;L;Fribourg, Maigrauge;FR;4.0;0.55;1870;1952;46.79873504;7.16591695;im Normalbetrieb;La Sarine;
204600;Oelberg;S;Fribourg, Oelberg;FR;99.0;16.9;1910;1980;46.80170694;7.16734288;im Normalbetrieb;La Sarine;
204650;Berner Green Power GmbH;L;Weissenburg_Del;BE;0.9;0.36;1898;1999;46.66691411;7.46411781;stillgelegt;Buuschebach;
204700;Schiffenen;S;Schiffenen;FR;135.0;52.0;1964;1964;46.88272614;7.19422286;im Normalbetrieb;La Sarine, Lac de Schiffenen;
205200;La Dernier;S;La Dernier;VD;13.0;27.0;1903;1988;46.70211213;6.34993722;im Normalbetrieb;Lac Brenet, Lac de Joux;
205300;La Jougnenaz;L;Vallorbe;VD;6.0;2.1;1955;1970;46.72323944;6.39660546;im Normalbetrieb;La Jougnenaz;
205400;Les Clées;L;Les Clées;VD;21.0;27.0;1955;1955;46.73113786;6.44499315;im Normalbetrieb;Lac Brenet, Lac de Joux, L'Orbe;
205500;Montcherand;L;Montcherand;VD;19.0;14.0;1908;1950;46.72721555;6.51348711;im Normalbetrieb;Lac Brenet, Lac de Joux, L'Orbe;
205600;Le Chalet;L;Orbe;VD;18.0;2.32;1894;1988;46.727736;6.52224353;im Normalbetrieb;L'Orbe;
205650;Moulinets sur l'Orbe;L;Orbe;VD;21.6;1.01;2013;-1;46.72097928;6.53229979;im Normalbetrieb;L'Orbe;
205700;Moulins ROD;L;Orbe;VD;15.0;0.58;1920;1982;46.72079939;6.53230281;stillgelegt;L'Orbe;
205850;St.Sulpice;L;St.Sulpice;NE;12.5;3.8;1988;1988;46.91063101;6.55745773;im Normalbetrieb;L'Areuse (Source);
205900;Le Furcil;L;Noiraigue, Le Furcil;NE;10.0;0.64;1956;1956;46.95366968;6.7318733;im Normalbetrieb;L'Areuse;
206000;Plan-de-l'Eau;L;Brot - Dessous;NE;4.8;1.02;1896;1928;46.95311233;6.74370401;im Normalbetrieb;L'Areuse;
206100;Les Moyats;L;Brot-Dessous, Les Moyats;NE;4.56;1.5;1887;1940;46.95291981;6.75658079;im Normalbetrieb;L'Areuse;
206200;Combe-Garot;L;Boudry, Combe-Garot;NE;6.0;4.49;1897;1961;46.96232527;6.79640484;im Normalbetrieb;L'Areuse;
206300;Usine du Chanet;L;Boudry;NE;7.3;4.2;1914;1972;46.95926431;6.82889349;im Normalbetrieb;L'Areuse;
206350;Boudry (les Essert);L;Boudry;NE;14.0;0.5;2014;-1;46.9508823;6.84291319;im Normalbetrieb;L'Areuse;
206400;Serrières centrale 3;L;Neuchâtel, Serrières;NE;5.26;0.4;1920;1983;46.98418642;6.90182552;stillgelegt;La Serrière;
206500;Serrières centrale 1;L;Neuchâtel, Serrières;NE;2.5;0.34;1939;1979;46.98239848;6.90420932;stillgelegt;La Serrière;
206525;Serrières centrale 2;L;Neuchâtel, Serrières;NE;3.9;0.3;1939;1979;46.98177128;6.90474132;stillgelegt;La Serrière;
206530;La Serrière;L;La Serrière, Neuchâtel;NE;5.0;1.3;2016;-1;46.98177128;6.90474132;im Normalbetrieb;Source de la Serrière;
206550;Sous les Roches;L;Sonceboz;BE;5.0;0.36;2005;2005;47.18961639;7.1839806;im Normalbetrieb;La Suze;
206600;Rondchâtel;L;Péry, Rondchâtel;BE;7.0;3.0;1883;2013;47.1710339;7.24975567;im Normalbetrieb;La Suze;
206700;Chauffat;L;Péry, Frinvillier;BE;2.8;0.3;1893;1924;47.17013958;7.25292439;stillgelegt;La Suze;
206750;Frinvillier;L;Frinvillier;BE;7.5;0.33;1869;2005;47.1683419;7.25372199;im Normalbetrieb;Schüss;
206800;Taubenloch;L;Biel-Bözingen;BE;3.0;0.3;1896;2006;47.16070878;7.26166088;im Normalbetrieb;Schüss;
206900;Bözingen;L;Bözingen;BE;6.6;2.75;1876;2013;47.15450977;7.26656019;im Normalbetrieb;Schüss;
206950;Brügg;L;Brügg;BE;219.4;3.6;1995;1995;47.11914693;7.25810851;im Normalbetrieb;Aare;
206975;Wannenfluh;L;Rüderswil;BE;12.0;0.4;1999;1999;46.99732619;7.72196376;im Normalbetrieb;Emme;
206985;Gohlhaus, Lützelflüh;L;Gohlhusbrügg, Lützelflüh;BE;16.0;0.42;2016;-1;47.00279306;7.69214485;im Normalbetrieb;Emme;
207000;Hagerhüsli;L;Bätterkinden;BE;12.0;0.48;1854;2002;47.12095688;7.53549343;im Normalbetrieb;Aefligen-Giesse, Emme;
207100;Bätterkinden;L;Bätterkinden;BE;12.0;0.38;1855;2002;47.13300248;7.54408265;im Normalbetrieb;Aefligen-Giesse, Emme, Urtenen;
207200;Utzenstorf;L;Utzenstorf;BE;12.0;0.35;1893;1949;47.14586328;7.54608555;im Normalbetrieb;Emme;
207300;Gerlafingen 1;L;Wiler bei Utzenstorf;BE;12.0;0.5;1889;1995;47.15584875;7.54478696;im Normalbetrieb;Emme;
207400;Biberist;L;Biberist;SO;12.0;0.49;1864;1985;47.18352773;7.56911722;im Normalbetrieb;Emme;
207500;Emmenhof;L;Derendingen;SO;12.0;0.32;1863;1986;47.19484489;7.58273663;im Normalbetrieb;Emme;
207600;Untere Emmengasse;L;Luterbach;SO;13.0;0.82;1876;2001;47.20456358;7.57919926;im Normalbetrieb;Emme;
207650;Luterbach;L;Luterbach;SO;12.0;0.3;1888;1988;47.21419328;7.57473632;im Normalbetrieb;Emme;
207700;Flumenthal;L;Riedholz;SO;350.0;21.7;1970;2009;47.22910547;7.58995932;im Normalbetrieb;Aare;
207800;Bannwil;L;Bannwil;BE;435.0;26.8;1970;2000;47.2293703;7.73230443;im Normalbetrieb;Aare;https://upload.wikimedia.org/wikipedia/commons/thumb/5/53/1975_Bannwil_Betrieb_04.jpg/300px-1975_Bannwil_Betrieb_04.jpg
208100;Ruppoldingen;L;Boningen;SO;475.0;21.5;2000;2000;47.31228882;7.87770748;im Normalbetrieb;Aare;
208200;Aarburg;L;Aarburg;AG;3.0;0.4;1889;2006;47.31911502;7.90315918;im Normalbetrieb;Wigger;
208250;Dünnern, Olten;L;Olten;SO;5.0;0.37;2015;-1;47.34863519;7.89865187;im Normalbetrieb;Dünnern;
208300;Gösgen;L;Niedergösgen;SO;380.0;49.0;1917;2000;47.36942222;7.97945902;im Normalbetrieb;Aare;
208400;Aarau Stadt;L;Aarau;AG;394.0;16.08;1893;1964;47.39477874;8.0358783;im Normalbetrieb;Aare;
208500;Rüchlig - HKW;L;Aarau;AG;360.0;8.8;1929;2014;47.39974266;8.04984331;im Normalbetrieb;Aare;
208560;Rüchlig-Dotierzentrale;L;Aarau;AG;40.0;1.0;2014;2014;47.39910045;8.05222039;im Normalbetrieb;Aare;
208600;Rupperswil-Auenstein;L;Auenstein;AG;492.0;39.3;1945;1993;47.41179357;8.11477451;im Normalbetrieb;Aare;https://upload.wikimedia.org/wikipedia/commons/thumb/2/2c/Kraftwerk_Rupperswil-Auenstein_20130309.JPG/300px-Kraftwerk_Rupperswil-Auenstein_20130309.JPG
208650;Rupperswil-Auenstein;L;Rupperswil;AG;25.0;1.67;1945;2010;47.41053753;8.11422859;im Normalbetrieb;Aare;
208700;Niederlenz;L;Niederlenz;AG;4.5;0.4;1943;1943;47.39918533;8.17621346;im Normalbetrieb;Aabach;
208750;Wildegg-Brugg;L;Schinznach-Dorf;AG;11.5;0.6;1953;1953;47.45143703;8.163014;im Normalbetrieb;Aare;
208800;Wildegg-Brugg;L;Villnachern;AG;410.0;49.7;1953;1997;47.46884302;8.16988303;im Normalbetrieb;Aare;
208850;Beznau;L;Döttingen;AG;140.0;6.0;2001;2001;47.55004815;8.22679593;im Normalbetrieb;Aare;
208900;Beznau;L;Döttingen;AG;418.0;19.5;1902;1927;47.55780231;8.2371417;im Normalbetrieb;Aare;https://upload.wikimedia.org/wikipedia/commons/thumb/e/e6/Aarekraftwerk_%28Beznau%29_2007.jpg/300px-Aarekraftwerk_%28Beznau%29_2007.jpg
209000;Klingnau;L;Klingnau, Gippingen;AG;810.0;37.5;1935;1935;47.59457636;8.2257281;im Normalbetrieb;Aare;https://upload.wikimedia.org/wikipedia/commons/thumb/d/da/Kraftwerk_Klingnau_Oberwasser_20140706.JPG/300px-Kraftwerk_Klingnau_Oberwasser_20140706.JPG
300100;Hospental;L;Hospental;UR;1.6;1.95;1902;1977;46.62055834;8.56904426;im Normalbetrieb;Gotthardreuss;
300200;Realp;L;Realp;UR;0.2;0.89;1914;2008;46.59934;8.50229707;im Normalbetrieb;Lochbergbach;
300250;Kraftwerk Realp II;L;Realp;UR;2.4;2.69;2017;-1;46.58806617;8.49568133;im Bau;Muttenreuss, Witenwasserenreuss;
300300;Oberalp;L;Andermatt;UR;0.8;2.7;1961;2002;46.6329526;8.60678612;im Normalbetrieb;Oberalpreuss, Oberalpsee;
300400;Göschenen (Göscheneralp);S;Göschenen;UR;30.0;160.0;1962;1962;46.66735745;8.58531379;im Normalbetrieb;Alperreuss, Chelenreuss, Furkareuss, Göscheneralpsee, Lochbergbach, Stokbach;
300500;Göschenen (Andermatt);L;Göschenen;UR;12.0;32.5;1961;1961;46.66735745;8.58531379;im Normalbetrieb;Reuss;
300600;Göschenen (Unterdorf);L;Göschenen;UR;2.25;1.47;1969;1969;46.66781375;8.58467005;im Normalbetrieb;Göschenerreuss;
300700;Wassen;L;Pfaffensprung;UR;26.0;56.0;1949;1992;46.71559616;8.61014476;im Normalbetrieb;Göschenerreuss, Gotthardreuss, Meienreuss, Rohrbach;
300750;Amsteg;L;Wassen, Pfaffensprung;UR;4.0;0.72;1998;1998;46.71513704;8.6110504;im Normalbetrieb;Reuss;
300825;Stäubenwald;L;Gurtnellen;UR;0.5;0.31;2007;-1;46.72817588;8.62036121;im Normalbetrieb;Gornerbach;
300875;Kraftwerk Bristen;L;Bristen;UR;2.6;4.2;2016;-1;46.76651644;8.71101766;im Normalbetrieb;Chärstelenbach;
300900;Amsteg;L;Amsteg;UR;50.0;120.0;1923;1998;46.76675458;8.67292311;im Normalbetrieb;Chärstelenbach, Etzlibach, Fellibach, Reuss;
300950;Amsteg;L;Amsteg;UR;46.0;1.73;1998;1998;46.77506751;8.66957787;im Normalbetrieb;Chärstelenbach, Etzlibach, Fellibach, Reuss;
301000;Arniberg;L;Amsteg;UR;1.8;13.0;1910;1969;46.7689894;8.66590389;im Normalbetrieb;Arnibach, Arnisee, Intschialpbach, Leitschachbach;
301100;Bocki 2;L;Erstfeld, Ripshusen;UR;0.83;7.0;1963;1997;46.84095883;8.63214543;im Normalbetrieb;Bockibach;
301200;Bocki 1;L;Erstfeld, Ripshusen;UR;0.5;1.7;1931;1997;46.84095883;8.63214543;im Normalbetrieb;Bockibach;
301250;Äsch;L;Unterschächen;UR;1.0;0.5;1996;1996;46.86523131;8.81028653;im Normalbetrieb;Vorderer Schächen;
301300;Schächental;L;Unterschächen;UR;0.7;2.2;1962;2005;46.86326314;8.76354127;im Normalbetrieb;Friterenbach, Hinterer Mühlebach, Lehmatt, Vorderer Mühlebach;
301400;Bürglen (Unterschächen);L;Bürglen;UR;5.75;23.5;1967;1967;46.87652445;8.66337152;im Normalbetrieb;Friterenbach, Hinterer Mühlebach, Lehmatt, Schächen, Sulztalbach, Vorderer Mühlebach;
301500;Bürglen (Loreto);L;Bürglen;UR;2.4;1.5;1895;1967;46.87652445;8.66337152;im Normalbetrieb;Schächen (Restwasser);
301550;Bannwald;L;Altdorf;UR;0.16;0.3;2002;2002;46.88682344;8.64234841;im Normalbetrieb;Quellen Bannwald;
301600;Kleintal (Isenthal);L;Isenthal;UR;0.8;1.18;1959;2009;46.91003813;8.56226519;im Normalbetrieb;Chlitaler Bach;
301650;Seedorf (Trinkw. Chuchibachq.);L;Seedorf;UR;0.14;0.38;2012;-1;46.89920272;8.5934071;im Normalbetrieb;Quelle Chuchibach;
301700;Isenthal (Bolzbach);L;Seedorf;UR;3.8;12.0;1955;2009;46.89920272;8.5934071;im Normalbetrieb;Isitaler Bach;
301800;Ruosalp;L;Bisisthal, Sahli;SZ;2.0;4.5;1962;1962;46.9176146;8.84549854;im Normalbetrieb;Gwalpetenbach, Muota, Ruosalperbach, Spitzbach;
301900;Glattalp;L;Bisisthal, Sahli;SZ;1.5;9.0;1970;1970;46.9176146;8.84549854;im Normalbetrieb;Bäche vom Schafpferchboden, Glattalpsee;
302000;Bisisthal;L;Bisisthal;SZ;5.0;15.0;1956;1962;46.94661752;8.82799742;im Normalbetrieb;Hochweidbach, Muota;
302100;Muota;L;Muotathal;SZ;7.5;8.5;1960;1960;46.97100096;8.78249639;im Normalbetrieb;Muota;
302200;Hüribach;L;Muotathal;SZ;1.0;4.5;1960;1960;46.97100096;8.78249639;im Normalbetrieb;Hüribach;
302300;Wernisberg;L;Ibach;SZ;30.0;19.8;1966;1966;46.99621443;8.65124411;im Normalbetrieb;Muota;
302400;Ibach;L;Ibach;SZ;5.0;0.32;1859;2004;47.00714302;8.64715106;im Normalbetrieb;Muota;
302500;Ingenbohl;L;Brunnen;SZ;14.0;0.57;1885;1989;47.00462935;8.61198203;im Normalbetrieb;Muota, Seewern;
302550;Kleinwasserkraftwerk Steineraa;L;Steinen, Müliacher;SZ;1.25;2.1;2016;-1;47.05381479;8.61424282;im Normalbetrieb;Steiner Aa;
302600;Sustli;L;Beckenried;NW;0.51;1.56;1957;1998;46.9637717;8.4833638;im Normalbetrieb;Lanzigquelle, Lielibach, Mühlebach;
302700;Tagenstal;L;Engelberg, Stalden;OW;0.32;1.15;1941;1941;46.80559966;8.44557711;im Normalbetrieb;Tagenstalquellen, Tätschbach;
302800;Trüebsee;S;Engelberg;OW;1.55;8.4;1967;1967;46.81649519;8.39192219;im Normalbetrieb;Trüebsee;
302900;Arni, Engelberg;L;Engelberg;OW;1.0;3.0;1966;1966;46.81941817;8.3866009;im Normalbetrieb;Arnibach, Trüebenbach, Wangbach;
303000;Obermatt;L;Grafenort;OW;11.0;29.7;1905;1963;46.84210391;8.37375877;im Normalbetrieb;Arnibach, Engelberger Aa, Erlenbach, Eugenibach, Grundwasser, Schuemettlenbach;
303100;Obermatt (Nebenkraftwerk);L;Grafenort;OW;11.0;1.8;1963;1963;46.8429327;8.37141326;im Normalbetrieb;Arnibach, Engelberger Aa, Erlenbach, Eugenibach, Grundwasser, Schuemettlenbach;
303200;Dallenwil;L;Wolfenschiessen;NW;13.8;17.0;1962;1987;46.91165871;8.39360926;im Normalbetrieb;Chaltibach, Engelberger Aa, Fallenbach, Gerbibach, Gerlibach, Luterseebach;
303250;Buoholzbach Wolfenschiessen;L;Wolfenschiessen, Flüglisloo;NW;0.62;2.0;2013;-1;46.92708548;8.39913579;im Normalbetrieb;Buoholzbach;
303300;Bannalp;S;Oberrickenbach;NW;1.0;6.8;1937;1991;46.88029867;8.42126022;im Normalbetrieb;Bannalpbach, Bannalpsee;
303400;Wolfenschiessen;L;Wolfenschiessen;NW;2.6;6.6;1945;1983;46.90119756;8.39670473;im Normalbetrieb;Secklisbach;
303500;Buochs;L;Buochs;NW;8.0;0.3;1888;1934;46.96516811;8.38470512;stillgelegt;Engelberger Aa;
303550;Schild;L;Lungern;OW;0.22;1.2;2003;2003;46.77980894;8.15569286;im Normalbetrieb;Dorfbach, Eibach;
303600;Kaiserstuhl;S;Kaiserstuhl;OW;10.0;9.0;1933;1933;46.81352209;8.17317559;stillgelegt;Kleine Melchaa, Melchaa;
303650;Unteraa - Melchaa;S;Giswil;OW;13.0;12.0;2013;2013;46.82143009;8.17446288;im Normalbetrieb;Kleine Melchaa, Melchaa;
303700;Unteraa - Lungerersee;S;Giswil;OW;32.0;54.0;1921;1994;46.82143009;8.17446288;im Normalbetrieb;Lungerersee;https://upload.wikimedia.org/wikipedia/commons/thumb/e/e7/Maschinensaal_KW_Lungernsee_1927.jpg/300px-Maschinensaal_KW_Lungernsee_1927.jpg
303750;Obflue, Sachseln;L;Sachseln, Obflue;OW;0.04;0.31;2005;-1;46.85704588;8.22950291;im Normalbetrieb;Mettentalquellen;
303800;Melchsee-Frutt;S;Kerns, Stöckalp;OW;2.0;14.0;1960;1960;46.79964103;8.28145288;im Normalbetrieb;Blauseebach, Henglibach, Melchsee, Tannalpbäche, Tannensee;
303900;Wisserlen;L;Kerns, Wisserlen;OW;0.24;1.0;1905;1997;46.9102687;8.29644486;im Normalbetrieb;Schwarzegg-Quelle;
304000;Eichi;L;Alpnach, Eichibrücke;OW;12.0;2.2;1957;1957;46.94073832;8.28786848;im Normalbetrieb;Sarner Aa;
304100;Rotzloch;L;Stansstad, Rotzloch;NW;0.6;0.3;1872;1935;46.96487839;8.33108734;im Normalbetrieb;Melbach;
304150;Mühlenplatz;L;Luzern;LU;58.0;0.83;1998;1998;47.05172929;8.30199763;im Normalbetrieb;Reuss;
304200;Wolhusen (Geistlich);L;Wolhusen;LU;4.0;0.3;1906;2003;47.05499601;8.07763576;im Normalbetrieb;Kleine Emme;
304225;Malters-Ettisbühl;L;Malters;LU;16.0;0.87;2011;2011;47.03828113;8.16559479;im Normalbetrieb;Kleine Emme;
304250;Stollen;L;Kriens/Obernau;LU;0.35;0.64;1999;1999;47.03375712;8.23723884;im Normalbetrieb;Quellwasser Eigenthal;
304300;Thorenberg;L;Littau;LU;7.0;0.75;1886;2000;47.05257202;8.24804827;im Normalbetrieb;Kleine Emme;
304400;Emmenweid;L;Emmenbrücke;LU;12.0;1.08;1931;2003;47.06703357;8.26366984;im Normalbetrieb;Kleine Emme;
304500;Rathausen;L;Emmen;LU;45.0;2.0;1896;1980;47.08177102;8.31433348;im Normalbetrieb;Reuss;
304600;Perlen 1 (WTA HF);L;Perlen, Buchrain;LU;45.0;0.96;1873;1981;47.10715964;8.3576996;im Normalbetrieb;Reuss;
304700;Perlen 2 (WTA PF);L;Perlen, Root;LU;45.0;1.09;1875;2000;47.11112339;8.36817683;im Normalbetrieb;Reuss;
304750;Innere Spinnerei;L;Unterägeri;ZG;2.5;0.45;1908;1981;47.14032517;8.5725033;im Normalbetrieb;Ägerisee, Lorze;
304770;WKW Neuägeri, Gmde Menzingen;L;Neuägeri, Gmde Menzingen;ZG;2.6;0.33;2015;-1;47.15283253;8.56300984;im Normalbetrieb;Lorze (Ausleitkanal);
304800;Lorzentobel 2;L;Lorzentobel, Nidfuren;ZG;2.9;1.7;1898;1943;47.17201656;8.56064264;im Normalbetrieb;Lorze;
304900;Lorzentobel 1;L;Lorzentobel;ZG;3.2;1.2;1891;2005;47.18034991;8.55474826;im Normalbetrieb;Lorze;
305000;Lorzentobel 3;L;Baar;ZG;2.5;1.9;1854;2005;47.19570069;8.53936351;im Normalbetrieb;Lorze;
305100;Untermühle;L;Friesencham, Cham;ZG;12.0;0.57;1897;2010;47.196489;8.44330147;im Normalbetrieb;Lorze;
305200;Hagendorn;L;Hagendorn;ZG;12.0;0.55;1893;2010;47.2016661;8.43759127;im Normalbetrieb;Lorze;
305300;Bremgarten-Zufikon;L;Bremgarten;AG;200.0;19.5;1975;1975;47.34365103;8.34562846;im Normalbetrieb;Reuss;https://upload.wikimedia.org/wikipedia/commons/thumb/d/d2/Zufikon_Maschinenhaus.JPG/220px-Zufikon_Maschinenhaus.JPG
305350;Bruggmühle;L;Bremgarten;AG;30.0;0.54;1998;1998;47.3497276;8.33924654;im Normalbetrieb;Reuss;
305400;Windisch;L;Windisch;AG;55.0;2.01;1830;1976;47.48121325;8.23095114;im Normalbetrieb;Reuss;
400050;Limmern;U;Linthal, Ochsenstafel;GL;200.0;500.0;2016;2016;46.84895277;9.01247516;im Normalbetrieb;Limmernsee, Muttsee;
400100;Muttsee;S;Linthal, Ochsenstafel;GL;0.9;4.0;1965;1965;46.84642916;9.01279476;im Normalbetrieb;Muttsee;
400200;Tierfehd (Limmern);S;Linthal, Tierfehd;GL;30.0;255.0;1964;1964;46.87611143;8.98702898;im Normalbetrieb;Biffertenbäche, Fätschbach, Limmernbach, Limmernsee, Oberstafelbach, Quellbach;
400250;Tierfehd (Umwälzwerk);P;Linthal, Tierfehd;GL;15.3;140.0;2010;-1;46.87874617;8.98513668;im Normalbetrieb;Limmernbach, Limmernsee, Tierfehd (Ausgleichsbecken);
400300;Tierfehd (Hintersand);L;Linthal, Tierfehd;GL;10.0;40.0;1964;1968;46.87611143;8.98702898;im Normalbetrieb;Bifertenbach, Bodenbach, Durnagelbach, Fisetenbach, Furbach, Jetzbach;
400400;Linthal;S;Linthal;GL;32.0;33.5;1964;1964;46.91550667;8.98790121;im Normalbetrieb;Fätschbach, Limmernsee, Linth;
400500;Fätschbach;L;Linthal;GL;3.0;14.5;1950;1950;46.91550667;8.98790121;im Normalbetrieb;Fätschbach;
400600;Linthkraft (Stiftung);L;Linthal;GL;5.0;0.4;1900;2004;46.92007111;8.99630539;im Normalbetrieb;Linth;
400700;Linthwerk;L;Linthal;GL;15.0;1.6;1877;2012;46.92605027;8.99989317;im Normalbetrieb;Linth;
400800;Brummbach, Linthal;L;Linthal, Stachelberg;GL;0.7;2.44;1921;2010;46.92763686;9.0023032;im Normalbetrieb;Brummbach;
400850;Brummbach, Braunwald;L;Braunwald;GL;0.7;1.0;2014;-1;46.93860449;8.98305027;im Normalbetrieb;Brummbach;
400900;Rüti;L;Rüti;GL;4.0;0.32;1901;1983;46.93276145;9.0091508;stillgelegt;Linth;
400910;Kraftwerk Cotlan;L;Rüti, Gmde Glarus Süd;GL;15.0;2.44;2017;-1;46.93354564;9.01101255;im Bau;Linth;
400950;Diesbach (Linth);L;Diesbach;GL;12.0;0.88;1945;1997;46.95112426;9.02808201;im Normalbetrieb;Linth;
401000;Hefti;L;Hätzingen;GL;8.0;0.88;1850;2007;46.96463138;9.04017831;im Normalbetrieb;Linth;
401100;Luchsingen;L;Luchsingen;GL;0.84;3.3;1940;1976;46.96604636;9.0354892;im Normalbetrieb;Baechibach;
401150;Leuggelbach;L;Leuggelbach;GL;0.2;1.0;1930;1993;46.97739797;9.04726325;im Normalbetrieb;Vorbach;
401200;Haslen;L;Haslen;GL;10.56;0.88;1848;2012;46.98387156;9.06034124;im Normalbetrieb;Linth;
401225;Schwanden (F.Blumer);L;Schwanden;GL;21.5;0.85;1828;1999;46.99379095;9.07773522;im Normalbetrieb;Linth;
401250;Empächli;L;Elm;GL;0.1;0.32;1995;1995;46.92233986;9.15841969;im Normalbetrieb;Quelle Pleus, Steinibach;
401300;Krauchbachwerk;L;Matt;GL;0.8;0.6;1902;1999;46.95614985;9.15976517;im Normalbetrieb;Krauchbach;
401325;Engi, Hinterdorf (Sernf);L;Engi (Glarus Süd);GL;7.0;0.53;2012;-1;46.97442345;9.15916794;im Normalbetrieb;Sernf;
401350;Engi;L;Engi, Vorderdorf (Glarus Süd);GL;1.1;3.75;2009;-1;46.98503977;9.15319737;im Normalbetrieb;Mühlebach;
401400;Sernf;L;Schwanden;GL;8.8;16.5;1931;2003;46.99572561;9.08713077;im Normalbetrieb;Sernf;
401500;Niederenbach;S;Schwanden;GL;3.6;33.5;1931;2004;46.99572561;9.08713077;im Normalbetrieb;Garichtisee, Niederenbach;
401600;Schwanden (Gemeinde);L;Schwanden;GL;0.56;1.8;1899;2005;46.99563757;9.08699657;im Normalbetrieb;Niederenbach;
401700;Schwanden (SNE);L;Schwanden;GL;5.0;0.4;1908;2000;46.99472189;9.08184005;im Normalbetrieb;Sernf;
401750;Mitlödi (Föhnen/Sool);L;Mitlödi;GL;13.0;4.0;2018;-1;47.00944616;9.08400091;im Bau;Niederenbach, Sernf;
401760;Mitlödi (Seidendruckerei);L;Mitlödi (Glarus Süd);GL;22.0;0.82;2016;-1;47.0114171;9.0845875;im Normalbetrieb;Linth;
401775;Mühlefuhr;L;Ennenda;GL;22.0;0.82;1920;2010;47.02655949;9.08268379;im Normalbetrieb;Linth;
401780;Holenstein Wehrkraftw. Glarus;L;Mitlödi, Gmde. Glarus Süd;GL;18.5;0.55;2016;-1;47.03050179;9.07754124;im Normalbetrieb;Linth;
401790;Walzmühle 2;L;Ennenda, Alpenbrüggli;GL;10.0;0.32;2011;2011;47.04936288;9.06719239;im Normalbetrieb;Linth;
401800;Elggiskraft, Netstal;L;Netstal;GL;20.0;0.8;1912;1983;47.06376251;9.0605199;im Normalbetrieb;Linth;
401900;Am Löntsch;S;Netstal;GL;20.0;60.0;1908;1975;47.05663554;9.04911421;im Normalbetrieb;Klöntaler-See, Löntsch;
402000;Linthkraft, Netstal;L;Netstal;GL;35.0;1.4;1923;1960;47.0737467;9.06069035;im Normalbetrieb;Linth;
402100;Mels (Tobel);L;Mels;SG;2.8;0.95;1906;1995;47.03825403;9.39272052;im Normalbetrieb;Seez;
402200;Mels (KW Stoffel);L;Mels, Steigs;SG;2.34;3.4;1931;1989;47.04326188;9.41554326;im Normalbetrieb;Seez;
402370;Kraftwerk Mädems-Parmort;L;Mels;SG;0.5;1.76;2018;-1;47.05029689;9.3669621;im Bau;Cholschlagerbach, Mädems Quellen;
402400;Plons;L;Plons, Gmde. Mels;SG;1.2;4.3;1948;2002;47.05405589;9.40001102;im Normalbetrieb;Chapfensee, Cholschlagerbach, Lutzbach, Röllbach, Schmelzibach;
402500;Flums (Pravizin 1 (Bruggwiti));L;Flums;SG;1.87;5.4;1901;1988;47.08655758;9.33454362;im Normalbetrieb;Schilsbach;
402600;Flums (Pravizin 2 (Äuli));L;Flums;SG;0.4;0.75;1943;1943;47.08628781;9.33453408;im Normalbetrieb;Schilsbach;
402675;Röllbach, Flums;L;Flums, Rüfi;SG;0.18;0.34;1890;1963;47.08230842;9.35204408;im Normalbetrieb;Röllbach;
402700;Flums (Felsen);L;Flums;SG;1.25;1.45;1866;1993;47.08808262;9.34026227;im Normalbetrieb;Schilsbach;
402710;Kraftwerk Berschnerbach AG;L;Walenstadt;SG;1.0;3.14;2019;-1;47.10546434;9.36091001;im Bau;Berschnerbach;
402725;Flums (Neues Sägengüetli);L;Flums;SG;1.0;1.29;1974;1974;47.08862652;9.3400181;im Normalbetrieb;Schilsbach;
402750;Töbeli;L;Töbeli;SG;0.13;0.5;1895;1992;47.12489432;9.32865083;im Normalbetrieb;Brunnenquellen, Cafentisquellen, Katzenzipfelquellen, Vogelrütiquellen;
402800;Talbach;L;Mols, Tal;SG;0.15;0.75;1954;1954;47.11053936;9.27055187;im Normalbetrieb;Talbach-Quellen;
402900;Oberterzen;L;Oberterzen;SG;0.21;1.16;1927;1927;47.1005453;9.25966892;im Normalbetrieb;Quellen im Recket;
403000;Murg (Merlen);S;Murgtal, Merlen;SG;0.75;0.4;1950;1950;47.07290067;9.1976232;im Normalbetrieb;Murgbach, Ober-Murgsee;
403100;Murg (Plätz 1);S;Murgtal, Unter Plätz;SG;0.18;0.5;1935;1935;47.0944992;9.20900389;stillgelegt;Gsponbach, Murgbach;
403150;Murg (Plätz);L;Murgtal, Unter Plätz;SG;2.0;6.4;1994;2003;47.09244711;9.20788213;im Normalbetrieb;Murgbach;
403200;Murg (Plätz 2);S;Murgtal, Unter Plätz;SG;0.7;2.2;1959;1959;47.0944992;9.20900389;stillgelegt;Murgbach;
403300;Murg (Gödis);L;Murg, unterhalb Gödis;SG;2.0;2.8;1909;1990;47.10844645;9.21473619;im Normalbetrieb;Murgbach;
403400;Murg (Säge);L;Murg;SG;2.4;2.32;1836;1990;47.11350294;9.2193849;im Normalbetrieb;Murgbach;
403500;Muslen;L;Amden, Muslen;SG;1.0;1.58;1908;1982;47.1380735;9.13555261;im Normalbetrieb;Muslenbach, Sellbach;
403600;Rütiberg (Obersee);L;Rütiberg / Näfels;GL;0.8;0.93;1961;2007;47.09359762;9.0373149;im Normalbetrieb;Auenbach, Obersee, Sulzbach;
403700;Rütiberg (Brändbach);L;Rütiberg / Näfels;GL;0.38;0.8;1977;1977;47.09359762;9.0373149;im Normalbetrieb;Brändbach;
403800;Risi;L;Näfels;GL;1.4;4.2;1925;2011;47.0946756;9.05671304;im Normalbetrieb;Auenbach, Brändbach, Obersee, Rütibergquelle, Sulzbach;
403900;Niederurnen;L;Niederurnen;GL;0.65;2.1;1903;1980;47.12357939;9.04216438;im Normalbetrieb;Bachbordquelle, Chriesbaumbrunnenquelle, Niederurner Dorfbach;
404000;Ziegelbrücke;L;Ziegelbrücke;GL;10.0;0.58;1837;2011;47.13318498;9.06288672;im Normalbetrieb;Chli Linthli, Dorfbach, Erlenkanal, Mühlebach, Rautibach;
404050;Uznaberg, Uznach;L;Uznach;SG;0.94;0.46;2015;-1;47.23115754;8.96429728;im Normalbetrieb;Ranzach;
404100;Wägital (Rempen);U;Vorderthal, Rempen;SZ;30.0;60.0;1926;2012;47.13837008;8.89757655;im Normalbetrieb;Wägitalersee;
404200;Wägital (Siebnen);S;Siebnen;SZ;32.0;48.0;1926;1984;47.17162513;8.90006642;im Normalbetrieb;Trepsenbach, Wägitaler Aa, Wägitalersee;
404250;Spreitenbach, Galgenen Kistler;L;Galgenen, Vorauen;SZ;0.3;0.3;1863;1985;47.18097332;8.85757056;im Normalbetrieb;Spreitenbach;
404300;Pilgersteg;L;Rüti;ZH;1.5;0.56;1920;2013;47.26886468;8.87219678;im Normalbetrieb;Jona;
404400;Etzelwerk;U;Altendorf;SZ;34.0;121.0;1937;1992;47.19410979;8.81291413;im Normalbetrieb;Minster, Sihl, Sihlsee;
404500;Bäch;L;Bäch;SZ;0.5;0.3;1957;1957;47.20033996;8.72529913;im Normalbetrieb;Krebsbach;
404600;Feusisberg;L;Schindellegi;SZ;3.5;0.7;1869;1989;47.17357981;8.71291435;im Normalbetrieb;Sihl;
404700;Sihl-Höfe;L;Wollerau;SZ;4.0;1.4;1961;1961;47.17733213;8.68239509;im Normalbetrieb;Sihl;
404800;Waldhalde;L;Schönenberg;ZH;4.5;2.7;1895;1967;47.1791616;8.62847535;im Normalbetrieb;Alp, Biber, Sihl, Teufenbachweier;
404900;Manegg;L;Zürich;ZH;4.9;0.63;1860;1981;47.33872328;8.52087693;im Normalbetrieb;Sihl;
405000;Letten;L;Zürich;ZH;100.0;4.26;1877;2004;47.3870096;8.53232058;im Normalbetrieb;Limmat, Zürichsee;
405100;Höngg;L;Zürich;ZH;50.0;1.3;1898;1988;47.4014663;8.48651286;im Normalbetrieb;Limmat;
405200;Dietikon;L;Dietikon;ZH;100.0;2.7;1933;1933;47.41033685;8.40797968;im Normalbetrieb;Limmat;
405250;Wettingen-Dotieranlage;L;Wettingen;AG;12.0;1.9;2007;2007;47.45636335;8.32142289;im Normalbetrieb;Limmat;
405300;Wettingen;L;Wettingen;AG;133.0;24.0;1933;1964;47.45708688;8.32090441;im Normalbetrieb;Limmat;https://upload.wikimedia.org/wikipedia/commons/thumb/2/24/Wettingen_Staumauer_8334.jpg/1280px-Wettingen_Staumauer_8334.jpg
405350;Aue-Dotierzentrale;L;Baden;AG;14.0;0.5;2013;-1;47.46851501;8.30835975;im Normalbetrieb;Limmat;
405400;Aue;L;Baden;AG;117.0;5.0;1909;2014;47.47038467;8.31091066;im Normalbetrieb;Limmat;
405500;Kappelerhof;L;Baden, Chappelerhof;AG;140.0;6.6;1892;2006;47.48455094;8.29283215;im Normalbetrieb;Limmat;
405550;Schiffmühle - Dotierzentrale;L;Untersiggenthal, Schiffmüli;AG;14.0;0.38;2013;2013;47.48741793;8.26965693;im Normalbetrieb;Limmat;
405600;Schiffmühle;L;Untersiggenthal, Schiffmüli;AG;95.0;2.6;1896;2013;47.48871119;8.26490008;im Normalbetrieb;Limmat;
405650;Turgi;L;Turgi;AG;35.0;0.9;1902;1986;47.49607394;8.25399914;im Normalbetrieb;Limmat;
405700;BAG Turgi;L;Turgi;AG;24.8;0.88;1861;2000;47.498147;8.24049358;im Normalbetrieb;Limmat;
405800;Stroppel, Untersiggenthal;L;Untersiggenthal;AG;33.0;0.71;1864;2010;47.5027355;8.24029727;im Normalbetrieb;Limmat;
409975;Rufi, Hätzingen;L;Hätzingen;GL;20.0;1.06;2016;-1;46.9588974;9.03199145;im Normalbetrieb;Linth;
500100;Aegina;S;Ulrichen, Altstafel;VS;2.8;9.2;1967;1967;46.46816845;8.36952256;im Normalbetrieb;Griessee;
500125;Gletsch-Oberwald;L;Oberwald, St. Niklaus;VS;5.7;14.01;2017;-1;46.541027;8.35982368;im Bau;Rotten;
500150;KW Ulrichen;L;Ulrichen, zum Loch;VS;1.1;2.35;2014;-1;46.50312023;8.31853088;im Normalbetrieb;Ägene;
500200;Merezenbach;L;Münster, Moos ;VS;0.5;1.89;1959;1959;46.48570919;8.27735272;im Normalbetrieb;Merezenbach;
500225;Kraftwerk Niderbach;L;Wiler, Münster-Geschinen;VS;0.15;0.8;2016;-1;46.50278999;8.29103608;im Normalbetrieb;Niderbach;
500250;Blinne;L;Reckingen;VS;1.6;1.9;1990;2012;46.46528283;8.25334203;im Normalbetrieb;Blinne;
500275;Kraftwerk Walibach;L;Grafschaft;VS;0.53;3.64;2013;-1;46.45214631;8.21513833;im Normalbetrieb;Walibach;
500300;Rappental;L;Rappental;VS;2.0;1.1;1965;2003;46.39454869;8.17816904;im Normalbetrieb;Binna, Feldbach;
500400;Neubrigg;L;Neubrigg;VS;4.5;25.0;1965;2003;46.39617595;8.13424328;im Normalbetrieb;Binna, Feldbach, Mühlebach;
500500;Fieschertal;L;Fieschertal;VS;15.0;64.0;1975;1999;46.42609012;8.14113147;im Normalbetrieb;Wysswasser;
500550;Fiesch;L;Fiesch;VS;10.0;2.8;2012;2012;46.39644661;8.13411673;im Normalbetrieb;Wysswasser;
500600;Ernen;L;Niederernen;VS;13.0;32.0;1954;1954;46.39116325;8.13014873;im Normalbetrieb;Binna, Rhône;
500700;Saflisch;L;Heiligkreuz, Längtal;VS;0.5;1.2;1969;2005;46.34285152;8.17356873;im Normalbetrieb;Saflischbach;
500800;Heiligkreuz;L;Heiligkreuz;VS;7.1;41.0;1971;1989;46.34760887;8.17519196;im Normalbetrieb;Fleschbach, Gischibach, Kriegalpwasser, Kummenwasser, Rämibach, Saflischbach;
500900;Aletsch;L;Mörel;VS;7.0;35.3;1951;1965;46.35396959;8.04275797;im Normalbetrieb;Massa;
501000;Mörel;L;Mörel;VS;22.0;45.0;1943;1943;46.35217536;8.04182861;im Normalbetrieb;Rhône;
501100;Massaboden;L;Bitsch;VS;20.0;7.2;1899;1959;46.33299234;8.01135592;im Normalbetrieb;Rhône;
501200;Bitsch;S;Bitsch, Biel;VS;55.0;331.0;1969;1980;46.33364099;8.00759647;im Normalbetrieb;Gebidemsee, Massa;
501300;Kelchbach;L;Naters;VS;0.36;0.36;1900;1924;46.32843425;7.98715407;stillgelegt;Kelchbach;
501312;Wässerwasserkraftwerk Mund;L;Mund, In de Fäldu (Gem.Naters);VS;0.41;1.44;2015;-1;46.31423396;7.94572646;im Normalbetrieb;Tränkewasser u. Abschlagwasser aus Mundbach, Wasserwässer;
501350;Bortel-Oberstufe;U;Ried-Brig;VS;0.6;2.35;1990;1990;46.2934459;8.0881566;im Normalbetrieb;Bortelsee;
501360;TWKW Nessel u. Mittubäch;L;Ried-Brig;VS;0.17;0.55;2013;2015;46.28929378;8.02478093;im Normalbetrieb;Quelle Mittubäch, Quelle Nessel;
501375;Bortel-Mittelstufe;S;Ried-Brig;VS;1.0;5.0;1990;1990;46.2977375;8.06082279;im Normalbetrieb;Bortelsee, Ganterbach, Schiessbach, Steinubach;
501400;Ganterbach-Saltina;L;Brig-Glis;VS;1.5;6.7;1942;1980;46.30442163;8.00417559;im Normalbetrieb;Ganterbach, Taferbach;
501410;Wässerwasserkraftwerk Mund;L;Badhalte, Brig-Glis;VS;0.41;1.44;2015;-1;46.30472596;7.93953713;im Normalbetrieb;Tränkewasser u. Abschlagwasser aus Mundbach, Wasserwässer;
501450;Rosswald-Gärsterna;L;Ried-Brig;VS;0.07;0.45;1995;1995;46.31623311;8.03402959;im Normalbetrieb;Quelle Chessibrunni;
501500;Zermeiggern;U;Saas Almagell, Zermeiggern;VS;19.0;74.0;1966;1966;46.08236485;7.9565013;im Normalbetrieb;Allalinbach, Almagellerbach, Furggbach, Hohlaubbach, Mattmarksee, Saaser Vispa;
501600;Zermeiggern;U;Saas Almagell, Zermeiggern;VS;0.0;0.0;1987;1987;46.08415974;7.95742326;im Normalbetrieb;Feevispa, Riedbach, Saaser Vispa, Schweibbach;
501700;Saas-Fee;L;Saas-Fee, Wichulti;VS;1.0;1.5;1960;1960;46.11627682;7.93690245;im Normalbetrieb;Feevispa;
501800;Stalden;S;Stalden;VS;20.0;180.0;1965;1965;46.23021585;7.85718874;im Normalbetrieb;Feevispa, Riedbach, Saaser Vispa, Schweibbach;
501825;Mossjesee Kraftwerk;L;Mossjesee, Zermatt;VS;0.2;0.43;2015;-1;46.01008702;7.77881789;im Normalbetrieb;Findelbach;
501850;Mutt;L;Zermatt;VS;4.0;12.0;2002;2002;46.0114608;7.73854577;im Normalbetrieb;Furggbach, Gornera, Triftbach, Zmuttbach;
501900;Triftbach;L;Zermatt, Alterhaupt;VS;1.3;2.1;1930;1946;50.46196378;-1.01379654;stillgelegt;96000;Gornera, Triftbach, Zmuttbach;
502000;Wiesti;L;Zermatt;VS;0.8;3.3;1949;1990;46.02437609;7.75256318;im Normalbetrieb;Findelbach;
502050;Täschbach;L;Täsch;VS;0.4;1.6;1992;1992;46.06720155;7.78111196;im Normalbetrieb;Täschbach;
502070;KW Jungbach;L;St. Niklaus;VS;0.55;4.7;2015;-1;46.18758162;7.80375731;im Normalbetrieb;Jungbach;
502071;KW Siwibach (Eisten, VS);L;Eisten, VS;VS;0.15;1.0;2014;-1;46.17971755;7.91106327;im Normalbetrieb;Mattwaldbach;
502090;Törbel (Gappil);L;Törbel, Gappil;VS;0.08;0.5;2010;2010;46.23474491;7.84866766;im Normalbetrieb;Quelle Walkerhalde, Quelle Zwischbach;
502200;Ackersand 1;L;Stalden, Ackersand;VS;4.5;27.0;1909;1999;46.23977436;7.87489413;im Normalbetrieb;Gamsa, Saaser Vispa;
502300;Ackersand 2;L;Stalden, Ackersand;VS;15.0;63.0;1959;1959;46.24022663;7.87424952;im Normalbetrieb;Jungbach, Mattervispa;
502310;Kraftwerk Heidadorf;L;Vispenterminen, Chrizji;VS;0.65;2.95;2018;-1;46.26694232;7.89742224;im Bau;Gamsa, Tunnelwasser (Chrizji);
502315;Kraftwerk Heidadorf;L;Vispenterminen, Stundhüs;VS;0.6;2.25;2018;-1;46.26700891;7.88068999;im Bau;Gamsa, Tunnelwasser (Chrizji);
502350;Baltschieder;L;Baltschieder;VS;0.07;0.3;1994;1994;46.30752459;7.87167307;im Normalbetrieb;Quellen Baltschiedertal;
502375;Kalter Brunnen;L;Tscherggen;VS;0.07;0.46;2000;2000;46.31240104;7.81614912;im Normalbetrieb;Quelle Kalter Brunnen;
502390;Ginals;L;Unterbäch;VS;0.38;1.27;2010;-1;46.26591331;7.78158372;im Normalbetrieb;Milibach;
502395;KWKW Bachtoli;L;Eischoll;VS;0.18;0.99;2014;-1;46.2926382;7.77902696;im Normalbetrieb;Gorpatbach;
502400;Unterbäch;L;Unterbäch;VS;0.22;0.85;1966;1995;46.28574472;7.79740912;im Normalbetrieb;Milibach;
502410;Turtig;L;Raron;VS;0.25;1.06;2007;-1;46.30122846;7.79387705;im Normalbetrieb;Milibach;
502415;Chriz;L;Niedergesteln, Turtig;VS;0.13;0.62;2009;2011;46.30177751;7.79089538;im Normalbetrieb;Durfrüs, Gorpatbach, Sagubach;
502420;Niedergesteln;L;Niedergesteln;VS;0.08;0.33;2008;-1;46.32805568;7.78742964;im Normalbetrieb;Kühmattbodenquellen;
502430;Niedergesteln;L;Niedergesteln;VS;0.08;0.58;2008;2008;46.31420616;7.78617241;im Normalbetrieb;Kühmattbodenquellen;
502440;Fafleralp;L;Blatten;VS;0.55;1.2;2012;2012;46.42969303;7.84571714;im Normalbetrieb;Uistre Talbach;
502450;Blatten;L;Blatten;VS;0.22;0.45;1915;1994;46.42293844;7.8221213;im Normalbetrieb;Gisentella;
502475;Wiler;L;Wiler (Lötschen);VS;0.4;1.4;2010;2010;46.40694166;7.78949697;im Normalbetrieb;Milibach;
502480;KWKW Dornbach;L;Ferden;VS;0.15;0.99;2013;-1;46.391205;7.75702345;im Normalbetrieb;Dornbach;
502500;Lötschen;L;Steg-Hohtenn;VS;22.0;122.0;1976;2008;46.31972438;7.74427049;im Normalbetrieb;Ferden (Ausgleichsbecken), Lonza;
502550;Oberems (Borterbach);L;Oberems;VS;0.2;0.75;2009;2009;46.24802784;7.70937712;im Normalbetrieb;Borterbach;
502600;Illsee;U;Oberems;VS;1.12;7.3;1926;1942;46.28324817;7.68879249;im Normalbetrieb;Illsee, Meretschisee, Turtmannbach;
502700;Illsee;U;Oberems, Meretschialp;VS;0.0;0.0;1926;1955;46.26082704;7.65587651;im Normalbetrieb;Meretschisee;
502800;Turtmann;S;Turtmann, Müllacheren;VS;3.9;21.5;1925;1954;46.29539844;7.68599324;im Normalbetrieb;Turtmannbach;
502900;Dala;L;Dalaloch, Leuk-Stadt;VS;2.4;12.3;1909;2014;46.31872598;7.62377927;im Normalbetrieb;Dala;
503000;Chippis-Rhône;L;Chippis;VS;62.0;46.4;1911;1998;46.28194295;7.54749353;im Normalbetrieb;Rhône;
503100;Lona;L;Grimentz-Lona, Val de Moiry;VS;0.4;1.0;1961;1961;46.15519688;7.54581673;im Normalbetrieb;Lona;
503300;Vissoie;S;Ayer, Vissoie;VS;13.0;45.0;1958;1958;46.20993463;7.58596274;im Normalbetrieb;La Navisence, T. du Moulin;
503350;Vissoie groupe auxiliaire;L;Ayer, Vissoie;VS;1.0;0.65;1958;1958;46.20993463;7.58596274;im Normalbetrieb;La Navisence;
503400;Navisence;S;Chippis;VS;11.5;50.0;1908;2014;46.28131438;7.54632458;im Normalbetrieb;La Navisence, Torrent de Fang;
503500;Croix;S;Croix / Ayent;VS;9.0;64.0;1957;1999;46.3081724;7.43409395;im Normalbetrieb;La Lienne, Lac de Zeuzier, Vatseret;
503600;Chamarin;L;Chamarin / Ayent;VS;0.3;0.9;1957;1957;46.31482904;7.43175657;im Normalbetrieb;La Lienne, Lac de Zeuzier;
503625;Centrale du Lac d'Igogne;L;Crans-Montana, R. Bourgeoisie;VS;0.65;1.05;2017;-1;46.30547231;7.45706902;im Bau;Torrent de l'Ertentse, Torrent du Bruellan;
503650;Centrale de turb. lac d'Icogne;L;Icogne;VS;0.5;2.0;2012;-1;46.30592359;7.43850742;im Normalbetrieb;Bruelan, Lac d'Icogne, L'Ertentse;
503700;St-Léonard;S;St-Léonard, Mangol;VS;10.5;34.0;1956;1998;46.26058561;7.44473286;im Normalbetrieb;La Lienne, Lac de Zeuzier, Vatseret;
503800;Beulet;L;St. Léonard;VS;0.65;0.72;1907;1990;46.26823065;7.42099631;im Normalbetrieb;La Lienne;
503900;Sauterot (Hérémence LYSA);L;Hérémence, Sauterot;VS;0.9;4.5;1977;1977;46.16999585;7.40652645;im Normalbetrieb;Dixence;
503950;Sauterôt (Hérémence FMdB);L;Hérémence;VS;6.0;0.6;2012;-1;46.17071585;7.40782083;im Normalbetrieb;La Borgne;
504300;La Dixence;S;Siviez, Cleuson;VS;0.0;0.0;1950;1950;46.11272848;7.32184034;im Normalbetrieb;La Printse, Lac de Cleuson, Tortin;
504325;La Zour;L;Savièse;VS;0.3;0.46;2004;2004;46.27449646;7.35288732;im Normalbetrieb;Source de la Dui, Source de Visse;
504335;Arbaz I (Comba Energies);L;Arbaz;VS;0.15;0.75;2010;-1;46.26821623;7.37883973;im Normalbetrieb;Source La Combe d'Arbaz;
504340;Arbaz II (Sionne Energie);L;Savièse;VS;0.15;0.58;2015;-1;46.24643753;7.3631747;im Normalbetrieb;Source La Combe d'Arbaz;
504350;Rochers;L;Savièse;VS;0.15;0.33;2001;2001;46.26334164;7.35251579;im Normalbetrieb;Source de la Dui, Source de Visse;
504375;Reserv. de Péteille, Vétroz;L;Vétroz, Péteille;VS;0.18;0.73;2015;-1;46.22691132;7.27324939;im Normalbetrieb;Source Motelon, Source Padouaire;
504400;Ardon;L;Ardon;VS;7.5;50.0;1960;1996;46.21672066;7.25656317;im Normalbetrieb;La Derbonne, La Lizerne, La Morge, Le Nétage;
504500;Balavaud;L;Balavaud / Ardon;VS;0.11;0.45;1971;1971;46.22094878;7.25667865;im Normalbetrieb;Sources de Motélon;
505110;2ème Palier Isérables, Riddes;L;Riddes;VS;0.12;0.65;2016;-1;46.16890542;7.22849687;im Normalbetrieb;Source Balavaux - Prarions, Source des Dzoras, Source Rosey inf., Source Rosey sup.;
505125;1er Palier Isérables c. Arcay;L;Isérables;VS;0.12;0.35;2005;2013;46.1609354;7.24885246;im Normalbetrieb;Source Balavaux - Prarions, Source des Dzoras, Source Rosey inf., Source Rosey sup., Sources de Tavé;
505150;Les Pontets, Com. de Riddes;L;Les Pontets, Riddes;VS;0.07;0.45;2014;-1;46.12972535;7.25154865;im Normalbetrieb;Lac des Vaux;
505175;Riddes (l'eau potable);L;Riddes, Pied du Mont;VS;0.06;0.31;1942;2009;46.16890518;7.2283674;im Normalbetrieb;Sources de Riddes;
505200;Chanrion;L;Fionnay, Mauvoisin;VS;10.0;28.0;1964;1964;45.99977177;7.35060729;im Normalbetrieb;Crête Sèche, Giétroz, Otemma, Torrent du Breney;
505300;Fionnay (Mauvoisin);S;Fionnay;VS;34.5;138.0;1958;1992;46.03040469;7.30793897;im Normalbetrieb;Drance de Bagnes, Grand Crêt, Lac de Mauvoisin, Petit Crêt, Severeu, Torrent Corbassière;
505400;Riddes;S;Riddes, Ecône;VS;28.75;225.0;1956;1992;46.15744361;7.20925303;im Normalbetrieb;Drance de Bagnes, Grand Crêt, Lac de Mauvoisin, Petit Crêt, Severeu, Torrent Corbassière;
505450;Turbinage Jora - Afforêts;L;Leytron;VS;0.07;0.49;2013;-1;46.19115743;7.19978504;im Normalbetrieb;Source de la Saille, Sources du Jorat;
505500;Fully;S;Fully;VS;0.46;5.0;1915;1959;46.14282612;7.11717085;stillgelegt;Lac de Fully;
505525;Fully les Verdan;L;Fully;VS;0.25;2.13;2017;-1;46.14282612;7.11717085;im Bau;Lac de Fully, Lac de Sorniot;
505550;Fully Les Garettes;L;Fully, Les Garettes;VS;0.25;0.87;2017;-1;46.15961346;7.10529148;im Bau;Lac de Fully, Lac de Sorniot;
505600;Fully;S;Lac-Devant, Sorniot;VS;0.0;0.0;1915;1960;46.16688476;7.10019761;im Normalbetrieb;Lac-Devant, Sorniot;
505700;Champsec;L;Champsec;VS;1.2;5.5;1930;1994;46.05712578;7.24805001;im Normalbetrieb;Drance de Bagnes, Torrent Lourtier, Torrent Louvie, Torrents Fregnolay;
505750;STEP Vallée Bagnes;L;Le Châble, Bagnes;VS;0.1;0.38;1993;2007;46.08276796;7.20310295;im Normalbetrieb;Eaux usées de la station de Verbier;
505760;Eaux des torrent de Verbier;L;Bagnes, Profray;VS;0.5;1.9;2017;-1;46.0831248;7.20167941;im Bau;Torrent de la Tintaz, Torrent de Verbier;
505775;Pas-du-Lein;L;Pas-du Lein;VS;0.2;0.45;1998;1998;46.1141712;7.16700897;im Normalbetrieb;Aqueduc Bagnes-Vollèges;
505780;Vollèges-Cries;L;Vollèges;VS;0.16;0.84;2009;2009;46.09350702;7.17784349;im Normalbetrieb;La Louvie;
505800;Hospitalet;L;L'Hospitalet;VS;1.02;1.4;1963;1963;45.88600419;7.18720296;im Normalbetrieb;La Dranse d'Entremont, Torrent de Drône;
505850;La Delise, Bourg-Saint-Pierre;L;Bourg-St-Pierre, La Delise;VS;1.5;2.0;2016;-1;45.94660929;7.21903368;im Normalbetrieb;Torrent d'Allèves, Torrent de la Croix;
505900;Pallazuit;S;Liddes;VS;10.0;32.0;1958;1958;45.98108999;7.18947592;im Normalbetrieb;La Dranse d'Entremont, Lac des Toules, Torrent d'Allèves, Torrent de la Croix, Torrent du Valsorey;
506000;Niollet 1;L;Le Niollet, Champex;VS;0.3;0.3;1947;2004;46.02193794;7.12136789;im Normalbetrieb;Lac de Champex, Torrent d'Arpettaz;
506050;Niollet 2;L;Orsières;VS;0.3;1.15;1996;1996;46.02118566;7.14242005;im Normalbetrieb;Bisse du Pettieu, Lac de Champex, Torrent Darbellay, Torrent d'Arpettaz;
506100;Orsières;L;Orsières;VS;8.0;24.0;1931;1958;46.02109537;7.14229141;im Normalbetrieb;La Dranse de Ferret, La Dranse d'Entremont, Reuse de Saleinaz, Torrent Darbellay;
506200;Orsières;L;Pt. de la Tsi / Liddes;VS;0.0;0.0;1943;1943;45.99508704;7.17379525;im Normalbetrieb;La Dranse d'Entremont;
506300;Sembrancher;L;Sembrancher, Les Moulins;VS;6.8;8.5;1929;1929;46.07915331;7.15671266;im Normalbetrieb;La Dranse de Ferret, La Dranse d'Entremont;
506400;Martigny-Bourg;L;Martigny-Bourg;VS;10.2;13.0;1908;1945;46.08831229;7.05905416;im Normalbetrieb;La Drance;
506500;Pont-Neuf;L;Martigny-Combe;VS;0.18;0.9;1981;1981;46.07318741;7.05541096;im Normalbetrieb;Sources du Marioty, Sources du Plan de l'Au;
506600;Trient;L;Le Châtelard;VS;1.6;1.0;1929;1995;46.0583411;6.96028269;im Normalbetrieb;Le Trient;
506850;Nant de Drance;U;Finhaut;VS;360.0;900.0;2018;-1;46.06608148;6.90128367;im Bau;La Veudale, Lac d'Emosson, Lac du Vieux Emosson, Nant de Drance;
506900;Emosson;S;Salvan, Alpage de Barberine;VS;0.0;0.0;1978;1978;46.08576996;6.91789666;im Normalbetrieb;Triège;
507100;Emosson;S;Vallorcine;;0.0;0.0;1978;1978;46.05082621;6.94897895;im Normalbetrieb;Drance de Ferret, Grand Jeur, Le Trient, Nant de Catogne, Reuse de l'A Neuve, Reuse de l'Amône;
507200;Vernayaz (CFF);S;Vernayaz;VS;17.4;92.0;1927;1990;46.1332103;7.03596871;im Normalbetrieb;Le Pesseux, Le Triège inférieur, l'Eau Noire, R.de Finhaut;
507250;Turbinage Salvan et Vernayaz;L;Vernayaz;VS;0.12;0.44;2013;-1;46.13383535;7.03467015;im Normalbetrieb;Source de la Dzintallaz, Source de la Revenasse, Source du Marcot, Torrent du Marcot;
507300;Emosson;S;Martigny;VS;35.0;170.0;1978;1978;46.10982077;7.06175007;im Normalbetrieb;Aveyron d'Argentière, Drance de Ferret, Eau Noire, La Barberine, Le Trient, Pecheux;
507400;Vernayaz (Pissevache);L;Vernayaz;VS;0.4;1.7;2016;-1;46.14406347;7.02721754;im Normalbetrieb;La Salanfe;
507500;Salanfe;S;Vernayaz, Miéville;VS;6.5;70.0;1950;2012;46.14640839;7.02888238;im Normalbetrieb;La Salanfe, Lac de Salanfe;
507600;Salanfe;S;Giétroz du Fond;VS;0.0;0.0;1965;1965;46.13966115;6.88166529;im Normalbetrieb;La Saufla;
507700;Salanfe;S;Clusanfe;VS;0.0;0.0;1950;1963;46.13500522;6.88611238;im Normalbetrieb;La Saufla;
507800;Aboyeu;L;Collonges;VS;0.46;3.2;1981;1981;46.18195941;7.03392509;im Normalbetrieb;Fontaine de Moïse, L'Aboyeu;
507850;La Rasse;L;Evionnaz, La Rasse;VS;0.2;0.72;1998;1998;46.18132839;7.00919383;im Normalbetrieb;Sources du Jorat;
507900;Lavey;L;Lavey;VD;220.0;70.0;1950;1990;46.21444674;7.01295;im Normalbetrieb;Le Rhône;
508000;La Peuffeyre;L;La Peuffeyre;VD;6.6;22.0;1927;2004;46.26598514;7.06170664;im Normalbetrieb;Aiguerosse, Ayerne, Genin, La Gryonne, L'Avançon d'Anzeindaz, L'Avançon de Nant;
508100;Sublin 1;L;Bex;VD;5.2;7.2;1898;1993;46.26510179;7.04018145;im Normalbetrieb;L'Avançon d'Anzeindaz, L'Avançon de Nant;
508200;Sublin 2;L;Bex;VD;0.16;2.61;1911;2013;46.26510179;7.04018145;im Normalbetrieb;Source de Solalex;
508300;Bevieux;L;Le Bevieux;VD;4.1;1.8;1943;1943;46.26038338;7.02880278;im Normalbetrieb;L'Avançon;
508400;Champéry Etrivouez;L;Etrivouez, Grand Paradis;VS;0.3;0.58;1901;1990;46.16176751;6.859172;im Normalbetrieb;Source de la Laitière, Torrent de Barme;
508450;Torrent de Soi;L;La Frassenaye, Val d'Jlliez;VS;0.37;0.85;2005;2005;46.1860351;6.89103507;im Normalbetrieb;Torrent de Soi;
508500;Monthey (Vièze);L;Monthey;VS;5.0;11.6;1910;1999;46.24926349;6.94719473;im Normalbetrieb;La Vièze, Vièze de Morgins;
508600;Monthey (Tine);L;Monthey, Les Nants;VS;1.5;9.4;1963;1994;46.24926349;6.94719473;im Normalbetrieb;Vièze de Morgins;
508650;Monthey (Commune);L;Monthey;VS;5.7;0.36;1992;1992;46.24961144;6.94446851;im Normalbetrieb;La Vièze, Vièze de Morgins;
508675;Châble II;L;Vionnaz, Beffeux;VS;0.08;0.42;2014;-1;46.30786542;6.8966885;im Normalbetrieb;Source Eusin, Source Les Infinives, Source Tzertzes;
508700;Diablerets;S;Les Diablerets, Le Plan;VD;1.75;5.2;1957;1957;46.35306468;7.15464234;im Normalbetrieb;Lac d'Arnon, Torrent du Plan, Tschärzisbach;
508800;Pont de la Tine;L;Ormont-Dessous, Le Pont;VD;2.5;5.3;1913;1991;46.34814743;7.04450904;im Normalbetrieb;Grande Eau;
508810;Pont de la Tine  Coussy-Loudze;L;Ormont - Dessous, Le Pont;VD;0.02;0.38;2013;-1;46.34742643;7.04412456;im Normalbetrieb;Source Coussy-Loudze;
508850;La Douve, Aigle;L;Aigle, En la Douve;VD;0.1;0.42;1989;2000;46.32780171;7.01530898;im Normalbetrieb;Eaux usées Leysin;
508900;Les Farettes;L;Fontanney, Les Farettes;VD;6.5;20.3;1906;1967;46.31725352;6.98604919;im Normalbetrieb;Grande Eau;
508950;Micro-centrale de Fontanney;L;Les Farettes, Aigle;VD;0.41;0.31;1997;1997;46.31706529;6.98397346;im Normalbetrieb;Réservoir d'Aigle, Torrent de Fontanney;
509000;Vouvry;S;Vouvry, Haut du Village;VS;0.92;7.5;1902;1953;46.33612847;6.88147082;im Normalbetrieb;Lac de Tanay;
509025;Croseau, Saint-Gingolph;L;Saint-Gingolph, Vignolles;VS;0.11;0.35;2009;-1;46.38772749;6.80580056;im Normalbetrieb;Source de Clarive, Source de la Tine;
509100;Hongrin-Léman;U;Veytaux, Chillon;VD;60.0;420.0;1972;2016;46.41021984;6.93169183;im Normalbetrieb;Eau Froide de l'Etivaz, Eau Froide de Roche, La Reverette, La Torneresse, Lac de l'Hongrin, Lac Léman;
509200;Sonzier;L;Montreux, Sonzier;VD;0.5;1.6;1901;1971;46.44032647;6.92516445;im Normalbetrieb;Source de la Torneresse, Source de l,Eau Froide;
509300;Taulan;L;Les Planches, Taulan;VD;0.68;1.2;1887;1996;46.43390892;6.91845939;im Normalbetrieb;Baye de Montreux;
509350;Rivaz (Le Forestay);L;Rivaz;VD;0.5;0.73;2014;-1;46.47464792;6.77770222;im Normalbetrieb;Le Forestay;
509400;Plan-Dessous;L;Aubonne;VD;10.7;7.85;1896;2001;46.49922071;6.38580163;im Normalbetrieb;L'Aubonne;
509425;La Petite Vaux;L;Lavigny;VD;10.0;3.19;2008;2008;46.48887135;6.40501944;im Normalbetrieb;L'Aubonne;
509500;Vessy;L;Veyrier, Iles de Vessy;GE;10.5;0.32;1867;2007;46.17907342;6.1702576;im Normalbetrieb;L'Arve;
509600;Verbois;L;Russin;GE;620.0;98.0;1943;1999;46.19141366;6.0273385;im Normalbetrieb;Le Rhône;https://upload.wikimedia.org/wikipedia/commons/c/c7/Turbine_du_Barrage_de_Verbois.jpg
509700;Chancy-Pougny;L;Avully / Chancy;GE;620.0;50.0;1925;2013;46.16044676;5.97647888;im Normalbetrieb;Le Rhône;
509750;Chancy-Pougny Dot. passe pois.;L;Challex;;4.5;0.48;2013;-1;46.15933729;5.97417808;im Normalbetrieb;Le Rhône;
509800;La Rançonnière;L;Les Brenets, La Rançonnière;NE;2.0;1.3;1890;1984;47.05297067;6.71595551;im Normalbetrieb;Bied du Locle;
509850;Am. de dotation du Châtelot;L;Les Planchettes;NE;2.0;0.95;2005;2005;47.10145119;6.74441513;im Normalbetrieb;Le Doubs;
509900;Le Châtelot;L;Les Planchettes;NE;44.0;30.0;1953;1953;47.12096551;6.77394506;im Normalbetrieb;Le Doubs;
510000;Refrain;L;Echelles de la Mort;;23.0;11.0;1909;1956;47.18769971;6.87313095;im Normalbetrieb;Le Doubs;
510100;La Goule;L;Le Noirmont;JU;22.0;5.0;1894;1958;47.22870545;6.9285527;im Normalbetrieb;Le Doubs;
600025;Ossasco;L;Bedretto, Ossasco;TI;0.7;1.27;2012;2012;46.51263101;8.53838429;im Normalbetrieb;Rii di Cristallina;
600050;Sella;S;Motti della Bolla;TI;2.0;1.85;1991;1991;46.55245826;8.58666146;im Normalbetrieb;Laghetti dell'Ovio, Lago Sella;
600100;Lucendro;S;Airolo;TI;7.0;58.0;1947;1947;46.52634613;8.59770855;im Normalbetrieb;Laghetti dell'Ovio, Laghetti S.Gottardo, Lago della Sella, Lago di Lucendro, R. Fibbia, R. Fortunei;
600200;Lucendro;S;Cap.dei Morti;TI;0.0;0.0;1947;1947;46.55233356;8.57218367;im Normalbetrieb;Foss, Sella;
600300;Calcaccia;L;Airolo, Launc;TI;0.9;3.3;1922;1988;46.51948673;8.63457504;im Normalbetrieb;Calcaccia, Sorgenti Private;
600400;Ritom;S;Piotta;TI;6.6;44.0;1920;1958;46.51725147;8.67531711;im Normalbetrieb;Garegna, Lago Cadagno, Lago Ritom, Reno di Medel, Unteralpreuss;
600500;Stalvedro (AET);L;Piotta;TI;11.5;13.0;1968;1968;46.51740582;8.67766648;im Normalbetrieb;R. Val Canaria, Ticino;
600600;Tremorgio;S;Rodi-Fiesso;TI;1.6;10.0;1925;1925;46.49020631;8.73670377;im Normalbetrieb;Lago Tremorgio, Torr. Lagasca;
600650;Ri di Foch 2 Prato (Leventina);L; Prato Leventina, P. di Masc.;TI;0.07;0.31;2008;-1;46.48018551;8.74753392;im Normalbetrieb;Ri di Foch;
600700;Ceresa 1;L;Faido;TI;0.3;1.8;1950;1950;46.48564949;8.7880437;im Normalbetrieb;Riale Ceresa;
600750;Piumogna, Dalpe;L;Dalpe;TI;1.65;1.0;2000;2000;46.46655878;8.76660542;im Normalbetrieb;Piumogna;
600800;Piottino;L;Lavorgo, Nivo di Chironico;TI;24.0;60.0;1932;1958;46.43832623;8.83996284;im Normalbetrieb;Ticino;
600900;Ticinetto;L;Chironico;TI;2.0;2.8;1907;1998;46.41956964;8.85066652;im Normalbetrieb;Fim, Ticinetto, Val Chironico;
601000;Nuova Biaschina;L;Personico;TI;54.0;135.0;1966;1974;46.36494703;8.92878484;im Normalbetrieb;Ticino;
601100;Luzzone;L;Ghirone;TI;11.6;19.0;1963;1963;46.5652516;8.96078242;im Normalbetrieb;Brenno, Carassina, Lareccio;
601200;Olivone;S;Olivone;TI;20.0;96.0;1962;1962;46.53967501;8.94911072;im Normalbetrieb;Brenno, Lago di Luzzone;
601300;Biasca;S;Biasca;TI;55.0;324.0;1959;2007;46.33498469;8.98264901;im Normalbetrieb;Brenno di Lucomagno, Leggiuna, Nala, Orino, Sosto;
601400;Spina (Isola);S;Mesocco, Spina;GR;6.0;20.0;1962;1962;46.43113113;9.20699748;im Normalbetrieb;Lago d'Isola, Moesa;
601500;Spina (Valbella);L;Mesocco, Spina;GR;5.0;4.0;1963;1963;46.43113113;9.20699748;im Normalbetrieb;Calancasca;
601550;Mesocco (Nan Ros);L;Mesocco, Camou;GR;0.09;0.35;2010;2010;46.41963223;9.23446546;im Normalbetrieb;Riale Nan Ros;
601600;Soazza;L;Soazza;GR;14.0;80.0;1961;1961;46.34242109;9.2121647;im Normalbetrieb;Accumulazione di Isola, Moesa;
601700;Lostallo;L;Lostallo, Rura;GR;4.0;24.2;1958;1958;46.32195495;9.20902918;im Normalbetrieb;Riale Val d'Arbola, Riale Val Forcola, Riale Val Montogn;
601800;Tecnicama;L;Piani di Verdabbio;GR;3.5;0.3;1957;1987;46.28515299;9.17421708;im Normalbetrieb;Moesa;
601900;Grono;L;Grono, Oltra;GR;6.6;36.25;1965;1965;46.24200952;9.15351901;im Normalbetrieb;Riale Val Albionasca, Riale Val Cama, Riale Val Grono, Riale Val Lanès, Riale Val Leggia, Riale Val Roggiasca;
602000;Calancasca;L;Roveredo;GR;6.0;20.0;1951;1951;46.23920532;9.11854885;im Normalbetrieb;Calancasca;
602050;Madonna degli Angeli;L;Giubiasco;TI;0.05;0.31;2017;-1;46.17599652;9.02205121;im Bau;Quelle Madonna degli Angeli;
602100;Morobbia;L;Giubiasco;TI;5.0;15.0;1903;1970;46.16806099;9.01689974;im Normalbetrieb;Morobbia, R. Carmena, R. Melirolo, Valmaggina;
602200;Verzasca (Gordola);S;Gordola;TI;50.0;105.0;1965;1965;46.19421314;8.84910156;im Normalbetrieb;Lago di Vogorno, Verzasca;https://upload.wikimedia.org/wikipedia/commons/thumb/7/7c/Contra-Staumauer.jpg/1024px-Contra-Staumauer.jpg
602300;Verzasca (Tenero);L;Tenero;TI;2.0;4.4;1972;1972;46.18165471;8.85330998;im Normalbetrieb;Verzasca;
602400;Sambuco-Peccia;U;Piano di Peccia;TI;14.5;44.0;1955;1955;46.41563655;8.61147365;im Normalbetrieb;Lago di Sambuco, Maggia, Riale di Peccia;
602450;Corgello-Peccia;L;Piano di Peccia;TI;3.8;0.96;1991;1991;46.41563655;8.61147365;im Normalbetrieb;Maggia, Presa Corgello;
602500;Robiei;U;Robiei;TI;49.0;165.0;1968;2016;46.44498924;8.50890096;im Normalbetrieb;Lago di Cavagnoli, Lago di Naret, Lago Sfundau, Laiozza, Vallegia;
602675;Kraftwerk Tomè;L;Broglio, Corsgèla in Lavizarra;TI;0.26;2.2;2016;-1;46.38095693;8.66649307;im Normalbetrieb;Lago di Tomè;
602700;Cavergno;S;Cavergno;TI;26.0;104.0;1955;1955;46.35363588;8.59532319;im Normalbetrieb;Bavona, Maggia, Riale di Peccia;
602800;Verbano 1;S;Brissago;TI;44.0;96.0;1953;1953;46.13182053;8.71678828;im Normalbetrieb;Bavona, Isorno, Maggia, Melezza, Palagnedra (Bacino di Comp.), Rovana;
602900;Verbano 2;S;Brissago;TI;25.0;50.0;1973;1973;46.13217298;8.71744356;im Normalbetrieb;Bavona, Isorno, Maggia, Melezza, Palagnedra (Bacino di Comp.), Rovana;
602950;Campo Vallemaggia;L;Campo Vallemaggia;TI;0.86;1.22;2002;2002;46.285305;8.50861427;im Normalbetrieb;Rovana;
602975;Cerentino;L;Cerentino, Collinasca;TI;0.65;1.34;2004;2004;46.30657197;8.55161234;im Normalbetrieb;Rovana di Bosco;
603000;Giumaglio;L;Someo, Giumaglio;TI;2.8;8.7;1967;1967;46.28240795;8.66971878;im Normalbetrieb;Brusada, Coglio, Foo, Giumaglio, Salto;
603050;Galleria Cavergno-Palagnedra;L;Palagnedra;TI;25.0;2.85;2018;-1;46.16085608;8.62839195;im Bau;Bavona, Isorno, Maggia, Riale di Peccia, Rovana;
603100;Ponte Brolla;L;Tegna, Ponte Brolla;TI;10.0;3.0;1904;1958;46.18558611;8.75120943;im Normalbetrieb;Maggia;
603200;Cassarate - Franscinone;L;Sonvico;TI;2.0;3.6;1926;1991;46.0479909;8.9746672;im Normalbetrieb;Cassarate, Franscinone;
603250;Sigirino (Monteceneri);L;Sigirino (Monteceneri);TI;0.2;1.0;2015;-1;46.07743114;8.91253512;im Normalbetrieb;Quelle Cusello;
603300;Valmara;L;Maroggia;TI;0.45;0.95;1890;1999;45.93944499;8.97768301;im Normalbetrieb;Sorgente Bossi, Sorgente Cà del Ferrée;
603400;Gabi;L;Gabi;VS;4.8;11.0;1957;1986;46.18820661;8.07006427;im Normalbetrieb;Alpjenbach, Krummbach, Sengbach, Wallibach;
603500;Gondo;L;Gondo, San Marco;VS;11.0;42.0;1952;1979;46.19600417;8.15060215;im Normalbetrieb;Grosswasser, Krummbach, Lagginbach;
603600;Tannuwald;L;Gondo, Tannuwald;VS;2.0;5.0;1953;1979;46.14993618;8.10793422;im Normalbetrieb;Grosswasser;
700100;Palü;S;Poschiavo, Alpe Palü;GR;4.5;10.5;1927;2004;46.3724954;10.02896319;im Normalbetrieb;Lago Bianco, Palü (Bacino di Comp.);
700200;Palü;S;Poschiavo, Bernina;GR;0.0;0.0;1923;1923;46.40754144;10.01957806;im Normalbetrieb;Lago Bianco;
700300;Cavaglia;S;Poschiavo, Cavaglia;GR;4.2;7.0;1927;1975;46.36809729;10.03629433;im Normalbetrieb;Acqua da Palü, Lago Bianco;
700400;Robbia;S;S. Carlo, Robbia;GR;6.0;27.0;1910;2005;46.34826487;10.06107967;im Normalbetrieb;Cavagliasco, Lago Bianco, Poschiavino, Val da Camp;
700450;Pedecosta;L;San Carlo, Pedecosta;GR;0.15;0.51;2010;2010;46.35764601;10.07570266;im Normalbetrieb;Sorgenti Acqui Marsci;
700500;Campocologno 1;S;Campocologno;GR;13.0;50.0;1907;2003;46.2321901;10.14367726;im Normalbetrieb;Lago di Poschiavo, Sajento;
700600;Campocologno 2;S;Campocologno;GR;14.5;1.5;1950;1950;46.23080435;10.1451647;im Normalbetrieb;Lago di Poschiavo, Poschiavino, Sajento;
700700;Lizun;L;Casaccia;GR;2.2;6.6;1961;1961;46.38063919;9.65795772;im Normalbetrieb;Maira;
700800;Albignawerk Löbbia;S;Casaccia;GR;13.4;86.0;1959;2004;46.37495133;9.65889526;im Normalbetrieb;Albigna, Lago da l'Albigna;
700850;Plancanin;L;Plancanin;GR;1.0;0.5;1991;1991;46.36389607;9.71264981;im Normalbetrieb;Murettobach;
700900;Fornowerk Löbbia;L;Casaccia;GR;1.8;9.0;1960;1960;46.37495133;9.65889526;im Normalbetrieb;Murettobach, Orlegna;
701000;Albignawerk Löbbia;S;Casaccia;GR;0.0;0.0;1967;1967;46.37495133;9.65889526;im Normalbetrieb;Maira;
701100;Albignawerk Löbbia;S;Casaccia;GR;0.0;0.0;1960;1960;46.37495133;9.65889526;im Normalbetrieb;Murettobach, Orlegna;
701200;Albignawerk Löbbia;S;Murtaira;GR;0.0;0.0;1963;1963;46.36905956;9.6747747;im Normalbetrieb;Murettobach, Orlegna;
701300;Bondo;L;Bondo;GR;2.9;6.9;1962;1962;46.33399531;9.55120866;im Normalbetrieb;Bondasca;
701350;Molino;L;Promontogno, Gmde. Bregaglia;GR;3.0;0.48;2017;-1;46.33928885;9.55687152;im Bau;Maira;
701400;Castasegna;S;Castasegna;GR;16.0;100.0;1959;1980;46.33609684;9.51543279;im Normalbetrieb;Albigna, Lago da l'Albigna, Maira;
800100;Silvaplana;L;Silvaplana;GR;1.0;1.4;1891;1973;46.4596234;9.79337063;im Normalbetrieb;Ova da Vallun;
800150;Pradella - Dotierzentrale;L;Scuol;GR;10.0;0.96;2014;-1;46.80505825;10.32899966;im Normalbetrieb;En;
800200;Islas;L;Celerina;GR;10.4;4.2;1932;2007;46.50561867;9.85728308;im Normalbetrieb;Inn, St.Moritzersee;
800250;Roseg, Samedan;L;Roseg, Samedan;GR;0.18;0.31;1933;2003;46.5117423;9.87815313;im Normalbetrieb;Quellen Val Roseg;
800300;Morteratsch;L;Pontresina, Morteratsch;GR;1.5;1.6;1890;2016;46.45257991;9.94163879;im Normalbetrieb;Ova da Bernina;
800350;Champagna 1;L;Samedan;GR;0.12;0.36;1992;1992;46.54192233;9.8934705;im Normalbetrieb;Ova da Val Champagna;
800400;Madulain;L;Madulain;GR;0.5;1.51;1903;1980;46.58526995;9.93629768;im Normalbetrieb;Ova d'Es-cha;
800450;Susasca;L;Susch;GR;2.0;5.63;2010;2015;46.75519212;10.08403622;im Normalbetrieb;Susasca;
800460;Ouvra Electrica Lavinuoz Lavin;L;Lavin;GR;1.0;2.95;2014;-1;46.7689771;10.11431791;im Normalbetrieb;Lavinuoz;
800475;Guarda (Ara);L;Guarda-Giarsun Gmd. Scuol;GR;0.15;0.35;1998;1998;46.76848148;10.14298086;im Normalbetrieb;Clozza, Quelle Funtana Naira;
800480;Tasnan;L;Ardez;GR;2.5;6.6;2014;-1;46.77765202;10.2257216;im Normalbetrieb;Tasnabach;
800490;Tarasp (Ischla);L;Tarasp;GR;0.34;1.1;2010;2010;46.78990206;10.28375739;im Normalbetrieb;Quelle Flöcha;
800500;Clemgia;L;Scuol;GR;1.5;1.2;1903;2001;46.78849309;10.29691914;im Normalbetrieb;Clemgia;
800550;Chasura;L;Strada;GR;0.06;0.3;1994;1994;46.87026925;10.43580773;im Normalbetrieb;Quellen Val Puntsot;
800575;Alp Trida-Laret, Samnaun;L;Samnaun-Compatch;GR;0.11;0.46;2017;-1;46.95851958;10.3999816;im Bau;Mülbach;
800600;Schergenbach;L;Samnaun-Compatsch;GR;0.7;0.86;1970;1970;46.96038426;10.42177885;im Normalbetrieb;Schergenbach;
800700;Punt dal Gall-Dotieranlage;L;Zernez;GR;2.47;2.3;1969;1969;46.6234433;10.19319825;im Normalbetrieb;Lago di Livigno, Spöl;
800800;Ova Spin;U;Zernez;GR;33.0;46.5;1970;1970;46.6782576;10.14447224;im Normalbetrieb;Lago di Livigno, Spöl;
800900;Ova Spin-Dotieranlage;L;Zernez;GR;1.2;0.45;1969;1969;46.6782576;10.14447224;im Normalbetrieb;Ova Spin (Ausgleichsbecken), Spöl;
801000;Pradella;S;Scuol;GR;72.0;288.0;1970;1970;46.80457927;10.3336933;im Normalbetrieb;A. d. Sampuoir, Clemgia, Inn, Ova dal Varusch, Spöl, Tantermozza;
801100;Pradella-Martina;S;Martina;GR;93.0;72.0;1994;1994;46.88211449;10.46456506;im Normalbetrieb;Inn, Val d'Assa;
801140;Gemeinschaftskraftwerk Inn;L;Nauders, A;;20.0;2.14;2018;-1;46.9052618;10.4776912;im Bau;Inn;
801150;Gemeinschaftskraftwerk Inn;L;Prutz;;75.0;86.9;2018;-1;47.06198712;10.66233292;im Bau;Inn;
900100;Muranzina;L;Sta.Maria;GR;0.6;1.8;1958;1995;46.59654741;10.42779617;im Normalbetrieb;Muranzina, Prasürabach;
900200;Chasseras;L;Müstair/Chasseras;GR;0.77;1.03;1991;1991;46.61401241;10.44143512;im Normalbetrieb;Muranzina, Pisch, Vau;